City,Hour,Weekday,Junction,Temperature,TrafficFlow
Kalaburagi,0,0,1,20.75,30
Kalaburagi,1,0,1,21.67,10
Kalaburagi,2,0,1,22.45,23
Kalaburagi,3,0,1,22.85,13
Kalaburagi,4,0,1,21.92,13
Kalaburagi,5,0,1,36.41,28
Kalaburagi,6,0,1,34.68,79
Kalaburagi,7,0,1,36.93,62
Kalaburagi,8,0,1,30.24,68
Kalaburagi,9,0,1,36.71,67
Kalaburagi,10,0,1,29.27,91
Kalaburagi,11,0,1,29.95,85
Kalaburagi,12,0,1,30.81,56
Kalaburagi,13,0,1,34.1,73
Kalaburagi,14,0,1,31.76,43
Kalaburagi,15,0,1,31.21,90
Kalaburagi,16,0,1,35.7,70
Kalaburagi,17,0,1,40.88,80
Kalaburagi,18,0,1,31.38,111
Kalaburagi,19,0,1,42.58,83
Kalaburagi,20,0,1,36.29,78
Kalaburagi,21,0,1,40.57,73
Kalaburagi,22,0,1,37.38,59
Kalaburagi,23,0,1,33.23,79
Kalaburagi,0,1,1,20.71,31
Kalaburagi,1,1,1,34.77,10
Kalaburagi,2,1,1,22.11,18
Kalaburagi,3,1,1,27.31,20
Kalaburagi,4,1,1,29.99,28
Kalaburagi,5,1,1,29.41,19
Kalaburagi,6,1,1,23.02,49
Kalaburagi,7,1,1,36.64,90
Kalaburagi,8,1,1,37.63,92
Kalaburagi,9,1,1,27.98,94
Kalaburagi,10,1,1,34.74,63
Kalaburagi,11,1,1,28.79,64
Kalaburagi,12,1,1,38.85,91
Kalaburagi,13,1,1,31.66,83
Kalaburagi,14,1,1,31.17,85
Kalaburagi,15,1,1,36.78,67
Kalaburagi,16,1,1,30.43,62
Kalaburagi,17,1,1,29.06,83
Kalaburagi,18,1,1,30.82,67
Kalaburagi,19,1,1,36.89,112
Kalaburagi,20,1,1,39.51,87
Kalaburagi,21,1,1,31.92,86
Kalaburagi,22,1,1,31.4,56
Kalaburagi,23,1,1,39.09,78
Kalaburagi,0,2,1,31.99,14
Kalaburagi,1,2,1,34.25,17
Kalaburagi,2,2,1,31.27,17
Kalaburagi,3,2,1,27.97,13
Kalaburagi,4,2,1,33.56,14
Kalaburagi,5,2,1,35.64,12
Kalaburagi,6,2,1,22.67,81
Kalaburagi,7,2,1,32.62,79
Kalaburagi,8,2,1,33.55,112
Kalaburagi,9,2,1,31.78,86
Kalaburagi,10,2,1,24.66,106
Kalaburagi,11,2,1,30.86,45
Kalaburagi,12,2,1,35.72,69
Kalaburagi,13,2,1,35.52,82
Kalaburagi,14,2,1,34.98,73
Kalaburagi,15,2,1,31.85,85
Kalaburagi,16,2,1,27.17,53
Kalaburagi,17,2,1,27.35,106
Kalaburagi,18,2,1,38.81,90
Kalaburagi,19,2,1,41.78,95
Kalaburagi,20,2,1,42.2,91
Kalaburagi,21,2,1,42.01,67
Kalaburagi,22,2,1,34.8,67
Kalaburagi,23,2,1,43.77,46
Kalaburagi,0,3,1,28.26,13
Kalaburagi,1,3,1,21.84,22
Kalaburagi,2,3,1,31.93,22
Kalaburagi,3,3,1,24.21,10
Kalaburagi,4,3,1,23.26,31
Kalaburagi,5,3,1,35.16,16
Kalaburagi,6,3,1,29.82,51
Kalaburagi,7,3,1,27.98,78
Kalaburagi,8,3,1,23.45,72
Kalaburagi,9,3,1,26.28,79
Kalaburagi,10,3,1,27.42,107
Kalaburagi,11,3,1,28.66,63
Kalaburagi,12,3,1,29.96,56
Kalaburagi,13,3,1,36.72,61
Kalaburagi,14,3,1,34.31,87
Kalaburagi,15,3,1,30.03,52
Kalaburagi,16,3,1,30.06,85
Kalaburagi,17,3,1,34.66,103
Kalaburagi,18,3,1,37.41,68
Kalaburagi,19,3,1,35.04,89
Kalaburagi,20,3,1,34.27,107
Kalaburagi,21,3,1,30.61,90
Kalaburagi,22,3,1,33.24,47
Kalaburagi,23,3,1,35.02,63
Kalaburagi,0,4,1,31.05,28
Kalaburagi,1,4,1,30.92,15
Kalaburagi,2,4,1,32.31,12
Kalaburagi,3,4,1,30.77,11
Kalaburagi,4,4,1,36.21,31
Kalaburagi,5,4,1,35.84,23
Kalaburagi,6,4,1,26.28,68
Kalaburagi,7,4,1,32.31,94
Kalaburagi,8,4,1,38.08,112
Kalaburagi,9,4,1,32.24,80
Kalaburagi,10,4,1,32.94,85
Kalaburagi,11,4,1,37.83,81
Kalaburagi,12,4,1,26.94,90
Kalaburagi,13,4,1,31.35,75
Kalaburagi,14,4,1,30.21,82
Kalaburagi,15,4,1,36.81,63
Kalaburagi,16,4,1,36.9,55
Kalaburagi,17,4,1,41.16,99
Kalaburagi,18,4,1,41.73,111
Kalaburagi,19,4,1,28.35,111
Kalaburagi,20,4,1,33.65,81
Kalaburagi,21,4,1,38.39,49
Kalaburagi,22,4,1,30.08,68
Kalaburagi,23,4,1,32.94,57
Kalaburagi,0,5,1,27.29,27
Kalaburagi,1,5,1,27.32,24
Kalaburagi,2,5,1,31.89,10
Kalaburagi,3,5,1,23.88,25
Kalaburagi,4,5,1,23.56,15
Kalaburagi,5,5,1,29.87,10
Kalaburagi,6,5,1,27.0,59
Kalaburagi,7,5,1,37.5,59
Kalaburagi,8,5,1,24.14,58
Kalaburagi,9,5,1,32.26,88
Kalaburagi,10,5,1,31.65,73
Kalaburagi,11,5,1,31.51,70
Kalaburagi,12,5,1,36.97,52
Kalaburagi,13,5,1,33.77,67
Kalaburagi,14,5,1,37.87,41
Kalaburagi,15,5,1,37.57,46
Kalaburagi,16,5,1,39.03,52
Kalaburagi,17,5,1,27.51,88
Kalaburagi,18,5,1,35.24,91
Kalaburagi,19,5,1,33.5,72
Kalaburagi,20,5,1,40.01,86
Kalaburagi,21,5,1,42.12,52
Kalaburagi,22,5,1,32.11,47
Kalaburagi,23,5,1,30.99,38
Kalaburagi,0,6,1,30.93,23
Kalaburagi,1,6,1,22.35,13
Kalaburagi,2,6,1,34.32,19
Kalaburagi,3,6,1,32.86,23
Kalaburagi,4,6,1,25.11,18
Kalaburagi,5,6,1,32.01,17
Kalaburagi,6,6,1,27.0,70
Kalaburagi,7,6,1,32.64,86
Kalaburagi,8,6,1,32.98,92
Kalaburagi,9,6,1,27.85,95
Kalaburagi,10,6,1,31.07,88
Kalaburagi,11,6,1,26.65,74
Kalaburagi,12,6,1,28.86,57
Kalaburagi,13,6,1,37.86,44
Kalaburagi,14,6,1,35.23,36
Kalaburagi,15,6,1,26.81,62
Kalaburagi,16,6,1,38.08,69
Kalaburagi,17,6,1,36.42,88
Kalaburagi,18,6,1,40.73,78
Kalaburagi,19,6,1,40.35,91
Kalaburagi,20,6,1,40.78,94
Kalaburagi,21,6,1,29.93,65
Kalaburagi,22,6,1,43.71,62
Kalaburagi,23,6,1,32.21,62
Kalaburagi,0,0,2,20.4,19
Kalaburagi,1,0,2,30.84,31
Kalaburagi,2,0,2,35.14,35
Kalaburagi,3,0,2,26.72,36
Kalaburagi,4,0,2,36.41,25
Kalaburagi,5,0,2,28.53,13
Kalaburagi,6,0,2,26.64,76
Kalaburagi,7,0,2,36.27,118
Kalaburagi,8,0,2,32.01,95
Kalaburagi,9,0,2,26.53,104
Kalaburagi,10,0,2,38.13,109
Kalaburagi,11,0,2,26.33,53
Kalaburagi,12,0,2,29.83,88
Kalaburagi,13,0,2,40.06,81
Kalaburagi,14,0,2,33.35,96
Kalaburagi,15,0,2,37.96,76
Kalaburagi,16,0,2,31.37,94
Kalaburagi,17,0,2,27.29,123
Kalaburagi,18,0,2,31.08,122
Kalaburagi,19,0,2,39.81,102
Kalaburagi,20,0,2,37.39,116
Kalaburagi,21,0,2,39.79,82
Kalaburagi,22,0,2,29.32,89
Kalaburagi,23,0,2,35.57,56
Kalaburagi,0,1,2,33.44,31
Kalaburagi,1,1,2,21.5,31
Kalaburagi,2,1,2,22.92,31
Kalaburagi,3,1,2,28.3,32
Kalaburagi,4,1,2,24.42,33
Kalaburagi,5,1,2,30.34,32
Kalaburagi,6,1,2,26.45,76
Kalaburagi,7,1,2,23.95,120
Kalaburagi,8,1,2,33.13,85
Kalaburagi,9,1,2,27.58,90
Kalaburagi,10,1,2,36.72,101
Kalaburagi,11,1,2,26.58,76
Kalaburagi,12,1,2,31.56,54
Kalaburagi,13,1,2,25.94,58
Kalaburagi,14,1,2,29.67,78
Kalaburagi,15,1,2,36.42,81
Kalaburagi,16,1,2,33.63,80
Kalaburagi,17,1,2,33.01,118
Kalaburagi,18,1,2,33.63,94
Kalaburagi,19,1,2,41.55,74
Kalaburagi,20,1,2,32.14,125
Kalaburagi,21,1,2,42.35,71
Kalaburagi,22,1,2,32.05,77
Kalaburagi,23,1,2,35.26,57
Kalaburagi,0,2,2,24.84,10
Kalaburagi,1,2,2,25.34,20
Kalaburagi,2,2,2,24.21,26
Kalaburagi,3,2,2,32.59,35
Kalaburagi,4,2,2,21.84,10
Kalaburagi,5,2,2,25.88,35
Kalaburagi,6,2,2,24.16,52
Kalaburagi,7,2,2,32.21,119
Kalaburagi,8,2,2,34.4,76
Kalaburagi,9,2,2,25.79,76
Kalaburagi,10,2,2,27.01,125
Kalaburagi,11,2,2,32.89,72
Kalaburagi,12,2,2,27.76,99
Kalaburagi,13,2,2,34.98,51
Kalaburagi,14,2,2,29.06,100
Kalaburagi,15,2,2,38.15,66
Kalaburagi,16,2,2,37.0,63
Kalaburagi,17,2,2,29.46,78
Kalaburagi,18,2,2,32.34,89
Kalaburagi,19,2,2,40.42,95
Kalaburagi,20,2,2,35.11,121
Kalaburagi,21,2,2,39.61,60
Kalaburagi,22,2,2,33.43,82
Kalaburagi,23,2,2,42.94,82
Kalaburagi,0,3,2,34.45,34
Kalaburagi,1,3,2,31.67,36
Kalaburagi,2,3,2,27.85,17
Kalaburagi,3,3,2,28.14,19
Kalaburagi,4,3,2,27.73,23
Kalaburagi,5,3,2,27.66,33
Kalaburagi,6,3,2,35.65,75
Kalaburagi,7,3,2,23.02,125
Kalaburagi,8,3,2,27.64,105
Kalaburagi,9,3,2,32.79,100
Kalaburagi,10,3,2,32.04,91
Kalaburagi,11,3,2,24.93,48
Kalaburagi,12,3,2,33.43,55
Kalaburagi,13,3,2,33.78,81
Kalaburagi,14,3,2,36.25,52
Kalaburagi,15,3,2,31.55,85
Kalaburagi,16,3,2,31.17,68
Kalaburagi,17,3,2,28.63,77
Kalaburagi,18,3,2,40.18,112
Kalaburagi,19,3,2,37.1,90
Kalaburagi,20,3,2,38.59,85
Kalaburagi,21,3,2,42.19,47
Kalaburagi,22,3,2,31.57,95
Kalaburagi,23,3,2,38.32,95
Kalaburagi,0,4,2,27.99,22
Kalaburagi,1,4,2,23.05,28
Kalaburagi,2,4,2,32.14,19
Kalaburagi,3,4,2,35.12,21
Kalaburagi,4,4,2,36.37,10
Kalaburagi,5,4,2,36.72,11
Kalaburagi,6,4,2,28.87,71
Kalaburagi,7,4,2,29.93,93
Kalaburagi,8,4,2,36.63,114
Kalaburagi,9,4,2,36.84,91
Kalaburagi,10,4,2,38.14,99
Kalaburagi,11,4,2,27.41,87
Kalaburagi,12,4,2,28.39,70
Kalaburagi,13,4,2,28.64,85
Kalaburagi,14,4,2,33.38,76
Kalaburagi,15,4,2,31.68,82
Kalaburagi,16,4,2,31.74,100
Kalaburagi,17,4,2,28.87,88
Kalaburagi,18,4,2,29.18,90
Kalaburagi,19,4,2,31.2,74
Kalaburagi,20,4,2,36.69,109
Kalaburagi,21,4,2,32.25,73
Kalaburagi,22,4,2,40.4,49
Kalaburagi,23,4,2,35.56,79
Kalaburagi,0,5,2,25.59,25
Kalaburagi,1,5,2,20.43,16
Kalaburagi,2,5,2,34.16,25
Kalaburagi,3,5,2,31.29,10
Kalaburagi,4,5,2,23.7,28
Kalaburagi,5,5,2,34.22,13
Kalaburagi,6,5,2,33.18,80
Kalaburagi,7,5,2,37.68,94
Kalaburagi,8,5,2,29.09,67
Kalaburagi,9,5,2,36.68,98
Kalaburagi,10,5,2,31.46,75
Kalaburagi,11,5,2,28.31,73
Kalaburagi,12,5,2,31.89,62
Kalaburagi,13,5,2,34.17,63
Kalaburagi,14,5,2,37.92,58
Kalaburagi,15,5,2,38.82,86
Kalaburagi,16,5,2,29.93,73
Kalaburagi,17,5,2,35.84,74
Kalaburagi,18,5,2,30.59,95
Kalaburagi,19,5,2,40.6,107
Kalaburagi,20,5,2,34.21,94
Kalaburagi,21,5,2,37.78,62
Kalaburagi,22,5,2,39.38,68
Kalaburagi,23,5,2,38.98,45
Kalaburagi,0,6,2,34.38,29
Kalaburagi,1,6,2,29.33,26
Kalaburagi,2,6,2,24.9,24
Kalaburagi,3,6,2,30.97,16
Kalaburagi,4,6,2,27.63,12
Kalaburagi,5,6,2,35.46,29
Kalaburagi,6,6,2,31.54,83
Kalaburagi,7,6,2,35.88,83
Kalaburagi,8,6,2,35.92,66
Kalaburagi,9,6,2,34.86,105
Kalaburagi,10,6,2,30.78,88
Kalaburagi,11,6,2,35.52,81
Kalaburagi,12,6,2,29.18,67
Kalaburagi,13,6,2,31.97,54
Kalaburagi,14,6,2,29.54,71
Kalaburagi,15,6,2,28.33,42
Kalaburagi,16,6,2,38.17,49
Kalaburagi,17,6,2,41.61,70
Kalaburagi,18,6,2,37.15,102
Kalaburagi,19,6,2,36.46,80
Kalaburagi,20,6,2,40.99,87
Kalaburagi,21,6,2,33.89,83
Kalaburagi,22,6,2,40.5,70
Kalaburagi,23,6,2,42.7,62
Kalaburagi,0,0,3,31.66,15
Kalaburagi,1,0,3,34.09,14
Kalaburagi,2,0,3,31.74,21
Kalaburagi,3,0,3,30.71,29
Kalaburagi,4,0,3,25.85,12
Kalaburagi,5,0,3,29.43,16
Kalaburagi,6,0,3,27.49,82
Kalaburagi,7,0,3,35.72,100
Kalaburagi,8,0,3,35.61,127
Kalaburagi,9,0,3,27.42,87
Kalaburagi,10,0,3,25.3,92
Kalaburagi,11,0,3,26.53,90
Kalaburagi,12,0,3,33.31,99
Kalaburagi,13,0,3,35.05,91
Kalaburagi,14,0,3,37.67,111
Kalaburagi,15,0,3,27.1,114
Kalaburagi,16,0,3,35.54,80
Kalaburagi,17,0,3,31.14,82
Kalaburagi,18,0,3,40.61,97
Kalaburagi,19,0,3,41.78,93
Kalaburagi,20,0,3,37.52,126
Kalaburagi,21,0,3,40.71,54
Kalaburagi,22,0,3,44.09,59
Kalaburagi,23,0,3,38.42,74
Kalaburagi,0,1,3,28.11,23
Kalaburagi,1,1,3,27.94,22
Kalaburagi,2,1,3,34.19,18
Kalaburagi,3,1,3,31.56,14
Kalaburagi,4,1,3,30.42,23
Kalaburagi,5,1,3,29.58,28
Kalaburagi,6,1,3,33.68,90
Kalaburagi,7,1,3,23.68,106
Kalaburagi,8,1,3,28.35,106
Kalaburagi,9,1,3,30.95,138
Kalaburagi,10,1,3,26.04,85
Kalaburagi,11,1,3,30.95,81
Kalaburagi,12,1,3,32.86,93
Kalaburagi,13,1,3,37.23,73
Kalaburagi,14,1,3,40.15,81
Kalaburagi,15,1,3,28.11,65
Kalaburagi,16,1,3,35.05,108
Kalaburagi,17,1,3,27.56,95
Kalaburagi,18,1,3,39.83,88
Kalaburagi,19,1,3,32.49,106
Kalaburagi,20,1,3,40.09,96
Kalaburagi,21,1,3,36.37,108
Kalaburagi,22,1,3,37.3,101
Kalaburagi,23,1,3,42.0,71
Kalaburagi,0,2,3,29.37,36
Kalaburagi,1,2,3,27.9,30
Kalaburagi,2,2,3,27.32,19
Kalaburagi,3,2,3,29.79,16
Kalaburagi,4,2,3,35.09,17
Kalaburagi,5,2,3,27.62,29
Kalaburagi,6,2,3,36.43,58
Kalaburagi,7,2,3,24.53,79
Kalaburagi,8,2,3,36.5,126
Kalaburagi,9,2,3,38.48,128
Kalaburagi,10,2,3,32.78,115
Kalaburagi,11,2,3,26.72,53
Kalaburagi,12,2,3,31.96,56
Kalaburagi,13,2,3,35.74,76
Kalaburagi,14,2,3,28.2,89
Kalaburagi,15,2,3,30.5,82
Kalaburagi,16,2,3,30.01,94
Kalaburagi,17,2,3,41.68,130
Kalaburagi,18,2,3,35.89,137
Kalaburagi,19,2,3,38.94,121
Kalaburagi,20,2,3,39.32,139
Kalaburagi,21,2,3,30.67,66
Kalaburagi,22,2,3,37.83,52
Kalaburagi,23,2,3,32.23,88
Kalaburagi,0,3,3,30.43,35
Kalaburagi,1,3,3,22.8,10
Kalaburagi,2,3,3,31.0,38
Kalaburagi,3,3,3,35.43,39
Kalaburagi,4,3,3,22.48,10
Kalaburagi,5,3,3,25.95,11
Kalaburagi,6,3,3,28.76,55
Kalaburagi,7,3,3,28.85,79
Kalaburagi,8,3,3,27.17,115
Kalaburagi,9,3,3,24.68,91
Kalaburagi,10,3,3,34.87,130
Kalaburagi,11,3,3,36.33,109
Kalaburagi,12,3,3,39.53,77
Kalaburagi,13,3,3,37.03,56
Kalaburagi,14,3,3,29.22,106
Kalaburagi,15,3,3,40.95,56
Kalaburagi,16,3,3,32.44,91
Kalaburagi,17,3,3,29.56,122
Kalaburagi,18,3,3,34.17,116
Kalaburagi,19,3,3,39.09,84
Kalaburagi,20,3,3,36.7,135
Kalaburagi,21,3,3,38.78,56
Kalaburagi,22,3,3,31.1,55
Kalaburagi,23,3,3,34.9,110
Kalaburagi,0,4,3,25.08,27
Kalaburagi,1,4,3,28.0,34
Kalaburagi,2,4,3,20.88,33
Kalaburagi,3,4,3,27.01,23
Kalaburagi,4,4,3,36.66,18
Kalaburagi,5,4,3,29.05,33
Kalaburagi,6,4,3,30.3,84
Kalaburagi,7,4,3,29.9,103
Kalaburagi,8,4,3,29.16,102
Kalaburagi,9,4,3,24.82,102
Kalaburagi,10,4,3,30.64,113
Kalaburagi,11,4,3,29.5,87
Kalaburagi,12,4,3,27.58,65
Kalaburagi,13,4,3,30.98,103
Kalaburagi,14,4,3,40.67,98
Kalaburagi,15,4,3,32.84,80
Kalaburagi,16,4,3,33.84,70
Kalaburagi,17,4,3,28.36,114
Kalaburagi,18,4,3,36.45,94
Kalaburagi,19,4,3,42.26,78
Kalaburagi,20,4,3,41.04,117
Kalaburagi,21,4,3,35.23,112
Kalaburagi,22,4,3,38.44,64
Kalaburagi,23,4,3,32.81,94
Kalaburagi,0,5,3,31.17,17
Kalaburagi,1,5,3,25.97,29
Kalaburagi,2,5,3,23.04,16
Kalaburagi,3,5,3,28.75,12
Kalaburagi,4,5,3,36.5,25
Kalaburagi,5,5,3,28.72,33
Kalaburagi,6,5,3,25.68,71
Kalaburagi,7,5,3,24.95,66
Kalaburagi,8,5,3,34.32,72
Kalaburagi,9,5,3,34.69,67
Kalaburagi,10,5,3,33.68,99
Kalaburagi,11,5,3,26.57,96
Kalaburagi,12,5,3,31.27,56
Kalaburagi,13,5,3,27.03,82
Kalaburagi,14,5,3,31.17,63
Kalaburagi,15,5,3,27.2,81
Kalaburagi,16,5,3,39.2,52
Kalaburagi,17,5,3,34.55,104
Kalaburagi,18,5,3,36.59,78
Kalaburagi,19,5,3,37.26,89
Kalaburagi,20,5,3,37.38,70
Kalaburagi,21,5,3,30.51,62
Kalaburagi,22,5,3,37.73,59
Kalaburagi,23,5,3,42.6,78
Kalaburagi,0,6,3,32.99,25
Kalaburagi,1,6,3,30.69,10
Kalaburagi,2,6,3,32.91,20
Kalaburagi,3,6,3,24.74,10
Kalaburagi,4,6,3,35.71,12
Kalaburagi,5,6,3,25.15,12
Kalaburagi,6,6,3,37.34,55
Kalaburagi,7,6,3,24.54,99
Kalaburagi,8,6,3,34.84,118
Kalaburagi,9,6,3,23.81,99
Kalaburagi,10,6,3,31.86,111
Kalaburagi,11,6,3,28.93,53
Kalaburagi,12,6,3,30.14,65
Kalaburagi,13,6,3,39.9,60
Kalaburagi,14,6,3,31.48,74
Kalaburagi,15,6,3,35.91,97
Kalaburagi,16,6,3,41.27,52
Kalaburagi,17,6,3,36.06,113
Kalaburagi,18,6,3,30.58,118
Kalaburagi,19,6,3,32.33,74
Kalaburagi,20,6,3,39.88,89
Kalaburagi,21,6,3,35.28,89
Kalaburagi,22,6,3,38.02,60
Kalaburagi,23,6,3,43.61,75
Kalaburagi,0,0,4,30.23,32
Kalaburagi,1,0,4,21.78,28
Kalaburagi,2,0,4,34.04,16
Kalaburagi,3,0,4,33.84,23
Kalaburagi,4,0,4,22.1,37
Kalaburagi,5,0,4,31.88,39
Kalaburagi,6,0,4,28.0,113
Kalaburagi,7,0,4,34.97,111
Kalaburagi,8,0,4,30.34,131
Kalaburagi,9,0,4,36.53,124
Kalaburagi,10,0,4,39.09,111
Kalaburagi,11,0,4,27.09,103
Kalaburagi,12,0,4,35.89,65
Kalaburagi,13,0,4,34.28,90
Kalaburagi,14,0,4,33.07,120
Kalaburagi,15,0,4,39.15,70
Kalaburagi,16,0,4,30.57,78
Kalaburagi,17,0,4,27.85,135
Kalaburagi,18,0,4,41.8,105
Kalaburagi,19,0,4,35.68,150
Kalaburagi,20,0,4,38.97,103
Kalaburagi,21,0,4,28.8,110
Kalaburagi,22,0,4,42.53,112
Kalaburagi,23,0,4,41.12,109
Kalaburagi,0,1,4,29.08,43
Kalaburagi,1,1,4,27.92,14
Kalaburagi,2,1,4,29.34,40
Kalaburagi,3,1,4,26.73,20
Kalaburagi,4,1,4,27.88,23
Kalaburagi,5,1,4,32.95,27
Kalaburagi,6,1,4,26.47,92
Kalaburagi,7,1,4,35.18,90
Kalaburagi,8,1,4,27.12,147
Kalaburagi,9,1,4,31.05,127
Kalaburagi,10,1,4,26.4,132
Kalaburagi,11,1,4,35.73,83
Kalaburagi,12,1,4,35.95,88
Kalaburagi,13,1,4,36.26,101
Kalaburagi,14,1,4,28.29,87
Kalaburagi,15,1,4,39.88,89
Kalaburagi,16,1,4,40.22,123
Kalaburagi,17,1,4,36.41,131
Kalaburagi,18,1,4,42.07,128
Kalaburagi,19,1,4,28.3,94
Kalaburagi,20,1,4,35.39,104
Kalaburagi,21,1,4,33.36,105
Kalaburagi,22,1,4,34.41,111
Kalaburagi,23,1,4,39.47,57
Kalaburagi,0,2,4,32.14,20
Kalaburagi,1,2,4,34.11,24
Kalaburagi,2,2,4,25.87,34
Kalaburagi,3,2,4,27.93,16
Kalaburagi,4,2,4,36.22,12
Kalaburagi,5,2,4,23.97,36
Kalaburagi,6,2,4,32.65,103
Kalaburagi,7,2,4,25.87,147
Kalaburagi,8,2,4,31.38,148
Kalaburagi,9,2,4,25.67,102
Kalaburagi,10,2,4,25.21,106
Kalaburagi,11,2,4,36.21,63
Kalaburagi,12,2,4,38.22,72
Kalaburagi,13,2,4,35.39,58
Kalaburagi,14,2,4,40.1,78
Kalaburagi,15,2,4,39.7,65
Kalaburagi,16,2,4,31.32,95
Kalaburagi,17,2,4,35.46,150
Kalaburagi,18,2,4,36.01,149
Kalaburagi,19,2,4,42.23,133
Kalaburagi,20,2,4,33.77,132
Kalaburagi,21,2,4,38.99,117
Kalaburagi,22,2,4,40.16,80
Kalaburagi,23,2,4,43.9,109
Kalaburagi,0,3,4,28.23,42
Kalaburagi,1,3,4,32.57,25
Kalaburagi,2,3,4,23.83,18
Kalaburagi,3,3,4,30.89,19
Kalaburagi,4,3,4,27.37,21
Kalaburagi,5,3,4,34.26,17
Kalaburagi,6,3,4,33.19,103
Kalaburagi,7,3,4,36.12,152
Kalaburagi,8,3,4,32.37,92
Kalaburagi,9,3,4,32.66,110
Kalaburagi,10,3,4,28.67,105
Kalaburagi,11,3,4,38.29,66
Kalaburagi,12,3,4,34.79,73
Kalaburagi,13,3,4,29.86,121
Kalaburagi,14,3,4,39.13,64
Kalaburagi,15,3,4,35.4,112
Kalaburagi,16,3,4,35.49,75
Kalaburagi,17,3,4,27.58,118
Kalaburagi,18,3,4,34.73,146
Kalaburagi,19,3,4,31.12,92
Kalaburagi,20,3,4,28.51,150
Kalaburagi,21,3,4,41.67,109
Kalaburagi,22,3,4,43.04,65
Kalaburagi,23,3,4,33.11,96
Kalaburagi,0,4,4,33.31,27
Kalaburagi,1,4,4,23.54,43
Kalaburagi,2,4,4,30.33,18
Kalaburagi,3,4,4,34.79,29
Kalaburagi,4,4,4,25.44,10
Kalaburagi,5,4,4,36.45,32
Kalaburagi,6,4,4,31.68,59
Kalaburagi,7,4,4,33.94,146
Kalaburagi,8,4,4,37.43,150
Kalaburagi,9,4,4,26.96,121
Kalaburagi,10,4,4,28.0,112
Kalaburagi,11,4,4,38.36,79
Kalaburagi,12,4,4,36.76,119
Kalaburagi,13,4,4,27.04,75
Kalaburagi,14,4,4,36.45,98
Kalaburagi,15,4,4,29.88,59
Kalaburagi,16,4,4,36.51,70
Kalaburagi,17,4,4,39.26,92
Kalaburagi,18,4,4,33.0,102
Kalaburagi,19,4,4,28.75,148
Kalaburagi,20,4,4,42.7,87
Kalaburagi,21,4,4,41.85,85
Kalaburagi,22,4,4,32.67,62
Kalaburagi,23,4,4,32.63,113
Kalaburagi,0,5,4,30.48,29
Kalaburagi,1,5,4,26.97,10
Kalaburagi,2,5,4,32.17,14
Kalaburagi,3,5,4,34.2,14
Kalaburagi,4,5,4,33.1,16
Kalaburagi,5,5,4,32.61,37
Kalaburagi,6,5,4,23.17,75
Kalaburagi,7,5,4,25.14,104
Kalaburagi,8,5,4,26.01,78
Kalaburagi,9,5,4,34.55,86
Kalaburagi,10,5,4,31.98,112
Kalaburagi,11,5,4,25.86,78
Kalaburagi,12,5,4,38.4,100
Kalaburagi,13,5,4,38.43,60
Kalaburagi,14,5,4,29.68,81
Kalaburagi,15,5,4,31.23,64
Kalaburagi,16,5,4,29.64,100
Kalaburagi,17,5,4,38.29,104
Kalaburagi,18,5,4,29.23,97
Kalaburagi,19,5,4,35.89,100
Kalaburagi,20,5,4,32.11,109
Kalaburagi,21,5,4,42.3,83
Kalaburagi,22,5,4,40.67,57
Kalaburagi,23,5,4,30.31,100
Kalaburagi,0,6,4,27.47,10
Kalaburagi,1,6,4,24.47,32
Kalaburagi,2,6,4,34.16,37
Kalaburagi,3,6,4,27.72,28
Kalaburagi,4,6,4,22.37,18
Kalaburagi,5,6,4,35.11,33
Kalaburagi,6,6,4,35.16,86
Kalaburagi,7,6,4,30.97,101
Kalaburagi,8,6,4,36.48,92
Kalaburagi,9,6,4,35.05,101
Kalaburagi,10,6,4,31.29,83
Kalaburagi,11,6,4,32.98,95
Kalaburagi,12,6,4,33.0,70
Kalaburagi,13,6,4,26.9,50
Kalaburagi,14,6,4,39.6,91
Kalaburagi,15,6,4,35.44,79
Kalaburagi,16,6,4,36.52,93
Kalaburagi,17,6,4,33.72,127
Kalaburagi,18,6,4,30.14,79
Kalaburagi,19,6,4,36.86,122
Kalaburagi,20,6,4,43.05,124
Kalaburagi,21,6,4,37.86,100
Kalaburagi,22,6,4,36.48,85
Kalaburagi,23,6,4,36.59,61
Bangalore,0,0,1,34.49,34
Bangalore,1,0,1,28.87,24
Bangalore,2,0,1,20.86,41
Bangalore,3,0,1,32.09,26
Bangalore,4,0,1,35.34,22
Bangalore,5,0,1,28.48,58
Bangalore,6,0,1,36.89,91
Bangalore,7,0,1,24.22,268
Bangalore,8,0,1,35.65,235
Bangalore,9,0,1,35.54,216
Bangalore,10,0,1,37.76,209
Bangalore,11,0,1,35.71,154
Bangalore,12,0,1,34.51,106
Bangalore,13,0,1,31.69,95
Bangalore,14,0,1,32.46,149
Bangalore,15,0,1,29.04,140
Bangalore,16,0,1,28.77,152
Bangalore,17,0,1,34.67,232
Bangalore,18,0,1,29.13,195
Bangalore,19,0,1,41.19,260
Bangalore,20,0,1,34.78,192
Bangalore,21,0,1,32.11,154
Bangalore,22,0,1,32.32,154
Bangalore,23,0,1,33.98,96
Bangalore,0,1,1,26.89,38
Bangalore,1,1,1,33.01,43
Bangalore,2,1,1,33.37,48
Bangalore,3,1,1,25.55,42
Bangalore,4,1,1,33.1,28
Bangalore,5,1,1,33.82,52
Bangalore,6,1,1,31.53,85
Bangalore,7,1,1,30.65,221
Bangalore,8,1,1,36.42,266
Bangalore,9,1,1,37.74,252
Bangalore,10,1,1,36.35,192
Bangalore,11,1,1,27.37,136
Bangalore,12,1,1,37.51,141
Bangalore,13,1,1,26.85,108
Bangalore,14,1,1,35.96,132
Bangalore,15,1,1,37.37,120
Bangalore,16,1,1,34.1,87
Bangalore,17,1,1,39.17,262
Bangalore,18,1,1,33.55,205
Bangalore,19,1,1,32.14,198
Bangalore,20,1,1,28.79,204
Bangalore,21,1,1,33.52,92
Bangalore,22,1,1,40.12,143
Bangalore,23,1,1,37.31,87
Bangalore,0,2,1,21.22,39
Bangalore,1,2,1,32.54,25
Bangalore,2,2,1,25.65,21
Bangalore,3,2,1,34.26,17
Bangalore,4,2,1,31.0,19
Bangalore,5,2,1,36.45,26
Bangalore,6,2,1,34.12,96
Bangalore,7,2,1,27.87,238
Bangalore,8,2,1,35.47,213
Bangalore,9,2,1,28.41,231
Bangalore,10,2,1,32.43,240
Bangalore,11,2,1,31.8,152
Bangalore,12,2,1,28.23,90
Bangalore,13,2,1,27.5,101
Bangalore,14,2,1,39.99,90
Bangalore,15,2,1,31.55,107
Bangalore,16,2,1,38.72,126
Bangalore,17,2,1,39.01,270
Bangalore,18,2,1,32.66,208
Bangalore,19,2,1,42.43,219
Bangalore,20,2,1,36.73,228
Bangalore,21,2,1,37.01,164
Bangalore,22,2,1,37.87,154
Bangalore,23,2,1,34.41,113
Bangalore,0,3,1,34.93,39
Bangalore,1,3,1,20.78,56
Bangalore,2,3,1,35.39,22
Bangalore,3,3,1,30.89,22
Bangalore,4,3,1,25.3,22
Bangalore,5,3,1,36.31,25
Bangalore,6,3,1,26.95,107
Bangalore,7,3,1,37.17,266
Bangalore,8,3,1,36.42,238
Bangalore,9,3,1,29.49,257
Bangalore,10,3,1,28.68,267
Bangalore,11,3,1,35.21,113
Bangalore,12,3,1,36.39,92
Bangalore,13,3,1,35.32,107
Bangalore,14,3,1,28.16,88
Bangalore,15,3,1,36.34,161
Bangalore,16,3,1,35.23,122
Bangalore,17,3,1,34.6,212
Bangalore,18,3,1,31.99,212
Bangalore,19,3,1,41.59,271
Bangalore,20,3,1,31.11,192
Bangalore,21,3,1,30.78,113
Bangalore,22,3,1,36.91,85
Bangalore,23,3,1,34.64,129
Bangalore,0,4,1,30.56,19
Bangalore,1,4,1,33.83,45
Bangalore,2,4,1,23.07,39
Bangalore,3,4,1,36.05,26
Bangalore,4,4,1,30.22,46
Bangalore,5,4,1,22.99,56
Bangalore,6,4,1,36.82,133
Bangalore,7,4,1,23.66,232
Bangalore,8,4,1,28.61,192
Bangalore,9,4,1,26.79,211
Bangalore,10,4,1,25.85,207
Bangalore,11,4,1,27.16,162
Bangalore,12,4,1,25.71,121
Bangalore,13,4,1,31.93,136
Bangalore,14,4,1,28.62,141
Bangalore,15,4,1,37.18,167
Bangalore,16,4,1,35.17,103
Bangalore,17,4,1,28.01,236
Bangalore,18,4,1,29.0,187
Bangalore,19,4,1,38.22,236
Bangalore,20,4,1,42.96,209
Bangalore,21,4,1,38.12,99
Bangalore,22,4,1,32.26,166
Bangalore,23,4,1,42.33,86
Bangalore,0,5,1,25.16,32
Bangalore,1,5,1,33.3,32
Bangalore,2,5,1,33.73,23
Bangalore,3,5,1,32.08,43
Bangalore,4,5,1,30.51,31
Bangalore,5,5,1,30.69,15
Bangalore,6,5,1,32.24,119
Bangalore,7,5,1,29.24,212
Bangalore,8,5,1,36.87,161
Bangalore,9,5,1,35.45,185
Bangalore,10,5,1,33.74,205
Bangalore,11,5,1,26.14,104
Bangalore,12,5,1,26.23,106
Bangalore,13,5,1,32.87,108
Bangalore,14,5,1,31.6,104
Bangalore,15,5,1,38.08,127
Bangalore,16,5,1,29.64,130
Bangalore,17,5,1,30.2,223
Bangalore,18,5,1,40.35,182
Bangalore,19,5,1,42.25,229
Bangalore,20,5,1,42.19,219
Bangalore,21,5,1,39.82,120
Bangalore,22,5,1,41.89,88
Bangalore,23,5,1,31.28,110
Bangalore,0,6,1,31.17,46
Bangalore,1,6,1,33.08,33
Bangalore,2,6,1,31.77,34
Bangalore,3,6,1,25.19,33
Bangalore,4,6,1,28.35,21
Bangalore,5,6,1,32.29,26
Bangalore,6,6,1,30.63,95
Bangalore,7,6,1,36.77,218
Bangalore,8,6,1,23.59,199
Bangalore,9,6,1,26.91,193
Bangalore,10,6,1,27.37,193
Bangalore,11,6,1,30.03,105
Bangalore,12,6,1,29.38,83
Bangalore,13,6,1,32.72,90
Bangalore,14,6,1,35.6,78
Bangalore,15,6,1,35.13,127
Bangalore,16,6,1,38.38,137
Bangalore,17,6,1,33.64,174
Bangalore,18,6,1,39.1,184
Bangalore,19,6,1,39.59,158
Bangalore,20,6,1,39.34,184
Bangalore,21,6,1,36.25,92
Bangalore,22,6,1,32.15,134
Bangalore,23,6,1,31.04,130
Bangalore,0,0,2,28.54,45
Bangalore,1,0,2,25.22,22
Bangalore,2,0,2,25.04,37
Bangalore,3,0,2,24.59,58
Bangalore,4,0,2,25.66,44
Bangalore,5,0,2,33.11,40
Bangalore,6,0,2,30.69,159
Bangalore,7,0,2,29.66,218
Bangalore,8,0,2,33.77,300
Bangalore,9,0,2,32.12,217
Bangalore,10,0,2,27.83,212
Bangalore,11,0,2,33.63,124
Bangalore,12,0,2,36.47,102
Bangalore,13,0,2,34.61,107
Bangalore,14,0,2,39.82,103
Bangalore,15,0,2,28.26,139
Bangalore,16,0,2,31.6,180
Bangalore,17,0,2,35.29,274
Bangalore,18,0,2,28.19,247
Bangalore,19,0,2,28.71,290
Bangalore,20,0,2,30.09,297
Bangalore,21,0,2,41.56,152
Bangalore,22,0,2,41.97,158
Bangalore,23,0,2,30.82,153
Bangalore,0,1,2,29.43,38
Bangalore,1,1,2,31.01,38
Bangalore,2,1,2,27.61,48
Bangalore,3,1,2,25.16,38
Bangalore,4,1,2,27.3,49
Bangalore,5,1,2,33.4,21
Bangalore,6,1,2,27.95,134
Bangalore,7,1,2,27.56,220
Bangalore,8,1,2,27.02,266
Bangalore,9,1,2,26.93,223
Bangalore,10,1,2,29.49,241
Bangalore,11,1,2,33.68,121
Bangalore,12,1,2,25.16,97
Bangalore,13,1,2,37.57,134
Bangalore,14,1,2,27.68,106
Bangalore,15,1,2,27.64,157
Bangalore,16,1,2,32.66,124
Bangalore,17,1,2,32.8,285
Bangalore,18,1,2,40.53,228
Bangalore,19,1,2,33.54,225
Bangalore,20,1,2,42.04,270
Bangalore,21,1,2,34.54,139
Bangalore,22,1,2,29.56,98
Bangalore,23,1,2,33.92,168
Bangalore,0,2,2,20.92,49
Bangalore,1,2,2,28.84,48
Bangalore,2,2,2,33.3,25
Bangalore,3,2,2,28.31,26
Bangalore,4,2,2,22.88,61
Bangalore,5,2,2,27.64,44
Bangalore,6,2,2,28.7,152
Bangalore,7,2,2,23.21,248
Bangalore,8,2,2,35.02,249
Bangalore,9,2,2,26.01,294
Bangalore,10,2,2,24.91,241
Bangalore,11,2,2,30.79,107
Bangalore,12,2,2,27.65,122
Bangalore,13,2,2,32.02,109
Bangalore,14,2,2,34.19,98
Bangalore,15,2,2,27.9,115
Bangalore,16,2,2,37.5,175
Bangalore,17,2,2,34.95,286
Bangalore,18,2,2,34.41,248
Bangalore,19,2,2,39.16,262
Bangalore,20,2,2,28.43,212
Bangalore,21,2,2,40.54,118
Bangalore,22,2,2,39.76,130
Bangalore,23,2,2,33.95,155
Bangalore,0,3,2,23.56,55
Bangalore,1,3,2,29.0,64
Bangalore,2,3,2,33.14,62
Bangalore,3,3,2,30.86,47
Bangalore,4,3,2,35.01,65
Bangalore,5,3,2,23.44,21
Bangalore,6,3,2,36.07,158
Bangalore,7,3,2,33.3,244
Bangalore,8,3,2,35.97,280
Bangalore,9,3,2,31.7,270
Bangalore,10,3,2,31.44,220
Bangalore,11,3,2,37.59,98
Bangalore,12,3,2,29.99,134
Bangalore,13,3,2,38.44,121
Bangalore,14,3,2,38.39,130
Bangalore,15,3,2,40.08,146
Bangalore,16,3,2,36.23,111
Bangalore,17,3,2,28.38,264
Bangalore,18,3,2,28.32,225
Bangalore,19,3,2,40.78,263
Bangalore,20,3,2,41.54,294
Bangalore,21,3,2,42.52,155
Bangalore,22,3,2,30.8,112
Bangalore,23,3,2,41.04,140
Bangalore,0,4,2,27.72,62
Bangalore,1,4,2,26.81,37
Bangalore,2,4,2,34.7,57
Bangalore,3,4,2,28.68,36
Bangalore,4,4,2,26.78,64
Bangalore,5,4,2,22.73,31
Bangalore,6,4,2,35.24,145
Bangalore,7,4,2,35.16,289
Bangalore,8,4,2,37.42,239
Bangalore,9,4,2,25.61,254
Bangalore,10,4,2,25.0,257
Bangalore,11,4,2,37.39,130
Bangalore,12,4,2,38.27,116
Bangalore,13,4,2,31.91,163
Bangalore,14,4,2,26.14,118
Bangalore,15,4,2,33.56,173
Bangalore,16,4,2,36.48,109
Bangalore,17,4,2,28.23,299
Bangalore,18,4,2,29.08,248
Bangalore,19,4,2,37.87,259
Bangalore,20,4,2,42.92,230
Bangalore,21,4,2,36.73,189
Bangalore,22,4,2,35.18,185
Bangalore,23,4,2,44.48,114
Bangalore,0,5,2,28.65,27
Bangalore,1,5,2,25.38,30
Bangalore,2,5,2,32.79,29
Bangalore,3,5,2,28.67,43
Bangalore,4,5,2,30.66,49
Bangalore,5,5,2,32.62,28
Bangalore,6,5,2,26.23,113
Bangalore,7,5,2,23.01,218
Bangalore,8,5,2,34.15,191
Bangalore,9,5,2,34.72,220
Bangalore,10,5,2,38.96,227
Bangalore,11,5,2,37.38,141
Bangalore,12,5,2,27.78,113
Bangalore,13,5,2,27.53,90
Bangalore,14,5,2,33.59,91
Bangalore,15,5,2,27.7,87
Bangalore,16,5,2,36.88,138
Bangalore,17,5,2,31.8,179
Bangalore,18,5,2,37.39,197
Bangalore,19,5,2,29.82,243
Bangalore,20,5,2,33.73,237
Bangalore,21,5,2,37.11,88
Bangalore,22,5,2,39.13,142
Bangalore,23,5,2,42.14,96
Bangalore,0,6,2,25.24,54
Bangalore,1,6,2,34.77,23
Bangalore,2,6,2,35.14,49
Bangalore,3,6,2,33.88,37
Bangalore,4,6,2,35.91,42
Bangalore,5,6,2,25.02,37
Bangalore,6,6,2,35.62,133
Bangalore,7,6,2,34.57,205
Bangalore,8,6,2,23.88,237
Bangalore,9,6,2,23.9,226
Bangalore,10,6,2,29.62,188
Bangalore,11,6,2,29.12,91
Bangalore,12,6,2,26.63,136
Bangalore,13,6,2,40.13,155
Bangalore,14,6,2,29.4,121
Bangalore,15,6,2,29.48,83
Bangalore,16,6,2,36.52,85
Bangalore,17,6,2,27.72,245
Bangalore,18,6,2,34.31,241
Bangalore,19,6,2,29.25,254
Bangalore,20,6,2,30.18,201
Bangalore,21,6,2,33.34,104
Bangalore,22,6,2,33.59,104
Bangalore,23,6,2,31.01,142
Bangalore,0,0,3,31.11,71
Bangalore,1,0,3,31.1,43
Bangalore,2,0,3,31.35,30
Bangalore,3,0,3,22.06,44
Bangalore,4,0,3,22.84,64
Bangalore,5,0,3,23.45,23
Bangalore,6,0,3,29.72,111
Bangalore,7,0,3,24.19,258
Bangalore,8,0,3,32.31,236
Bangalore,9,0,3,28.91,286
Bangalore,10,0,3,38.77,285
Bangalore,11,0,3,24.76,158
Bangalore,12,0,3,26.88,129
Bangalore,13,0,3,39.12,118
Bangalore,14,0,3,36.1,142
Bangalore,15,0,3,38.07,185
Bangalore,16,0,3,30.76,177
Bangalore,17,0,3,36.58,320
Bangalore,18,0,3,38.8,311
Bangalore,19,0,3,36.75,326
Bangalore,20,0,3,41.92,252
Bangalore,21,0,3,36.26,134
Bangalore,22,0,3,30.12,186
Bangalore,23,0,3,35.82,170
Bangalore,0,1,3,25.33,30
Bangalore,1,1,3,23.81,37
Bangalore,2,1,3,27.96,54
Bangalore,3,1,3,34.83,36
Bangalore,4,1,3,27.14,65
Bangalore,5,1,3,22.52,72
Bangalore,6,1,3,30.28,168
Bangalore,7,1,3,35.3,282
Bangalore,8,1,3,30.44,244
Bangalore,9,1,3,24.29,324
Bangalore,10,1,3,27.35,289
Bangalore,11,1,3,35.36,107
Bangalore,12,1,3,35.92,132
Bangalore,13,1,3,35.7,106
Bangalore,14,1,3,32.54,122
Bangalore,15,1,3,36.04,151
Bangalore,16,1,3,29.53,177
Bangalore,17,1,3,41.47,329
Bangalore,18,1,3,28.84,327
Bangalore,19,1,3,36.97,282
Bangalore,20,1,3,38.7,308
Bangalore,21,1,3,29.02,160
Bangalore,22,1,3,33.35,181
Bangalore,23,1,3,40.27,178
Bangalore,0,2,3,21.75,33
Bangalore,1,2,3,29.23,66
Bangalore,2,2,3,23.6,30
Bangalore,3,2,3,22.89,65
Bangalore,4,2,3,35.14,31
Bangalore,5,2,3,33.93,43
Bangalore,6,2,3,33.33,159
Bangalore,7,2,3,31.33,250
Bangalore,8,2,3,26.76,274
Bangalore,9,2,3,27.85,285
Bangalore,10,2,3,31.66,318
Bangalore,11,2,3,24.76,128
Bangalore,12,2,3,31.67,189
Bangalore,13,2,3,36.71,126
Bangalore,14,2,3,35.44,149
Bangalore,15,2,3,31.02,158
Bangalore,16,2,3,30.09,142
Bangalore,17,2,3,27.91,279
Bangalore,18,2,3,38.8,250
Bangalore,19,2,3,41.35,306
Bangalore,20,2,3,30.17,259
Bangalore,21,2,3,34.71,126
Bangalore,22,2,3,38.55,206
Bangalore,23,2,3,39.4,119
Bangalore,0,3,3,33.74,49
Bangalore,1,3,3,28.65,47
Bangalore,2,3,3,30.38,58
Bangalore,3,3,3,34.34,60
Bangalore,4,3,3,34.72,67
Bangalore,5,3,3,31.36,47
Bangalore,6,3,3,26.78,199
Bangalore,7,3,3,31.78,282
Bangalore,8,3,3,27.24,278
Bangalore,9,3,3,30.94,320
Bangalore,10,3,3,38.76,321
Bangalore,11,3,3,25.88,174
Bangalore,12,3,3,32.98,202
Bangalore,13,3,3,27.86,198
Bangalore,14,3,3,38.53,203
Bangalore,15,3,3,33.09,118
Bangalore,16,3,3,30.61,175
Bangalore,17,3,3,34.73,263
Bangalore,18,3,3,36.08,242
Bangalore,19,3,3,33.14,325
Bangalore,20,3,3,42.52,324
Bangalore,21,3,3,29.51,144
Bangalore,22,3,3,34.29,127
Bangalore,23,3,3,32.41,178
Bangalore,0,4,3,28.92,51
Bangalore,1,4,3,27.84,53
Bangalore,2,4,3,27.73,59
Bangalore,3,4,3,24.13,35
Bangalore,4,4,3,33.62,24
Bangalore,5,4,3,30.53,51
Bangalore,6,4,3,24.81,126
Bangalore,7,4,3,31.06,246
Bangalore,8,4,3,31.96,259
Bangalore,9,4,3,27.5,276
Bangalore,10,4,3,32.28,328
Bangalore,11,4,3,29.74,177
Bangalore,12,4,3,27.75,194
Bangalore,13,4,3,33.21,160
Bangalore,14,4,3,37.37,109
Bangalore,15,4,3,35.64,124
Bangalore,16,4,3,27.61,201
Bangalore,17,4,3,34.1,282
Bangalore,18,4,3,31.24,310
Bangalore,19,4,3,36.84,294
Bangalore,20,4,3,41.1,270
Bangalore,21,4,3,32.52,137
Bangalore,22,4,3,35.45,108
Bangalore,23,4,3,31.9,110
Bangalore,0,5,3,25.21,53
Bangalore,1,5,3,21.85,26
Bangalore,2,5,3,23.98,51
Bangalore,3,5,3,21.43,48
Bangalore,4,5,3,24.91,23
Bangalore,5,5,3,36.3,20
Bangalore,6,5,3,29.57,156
Bangalore,7,5,3,27.01,281
Bangalore,8,5,3,36.68,234
Bangalore,9,5,3,25.77,242
Bangalore,10,5,3,28.28,282
Bangalore,11,5,3,24.59,142
Bangalore,12,5,3,25.5,171
Bangalore,13,5,3,37.27,144
Bangalore,14,5,3,26.68,166
Bangalore,15,5,3,29.82,139
Bangalore,16,5,3,30.47,155
Bangalore,17,5,3,37.71,241
Bangalore,18,5,3,41.25,227
Bangalore,19,5,3,29.29,270
Bangalore,20,5,3,41.87,220
Bangalore,21,5,3,43.27,124
Bangalore,22,5,3,35.27,122
Bangalore,23,5,3,30.67,166
Bangalore,0,6,3,21.62,49
Bangalore,1,6,3,20.71,57
Bangalore,2,6,3,34.6,31
Bangalore,3,6,3,23.8,38
Bangalore,4,6,3,33.12,20
Bangalore,5,6,3,32.56,22
Bangalore,6,6,3,23.72,168
Bangalore,7,6,3,27.85,237
Bangalore,8,6,3,31.33,247
Bangalore,9,6,3,30.72,199
Bangalore,10,6,3,32.78,202
Bangalore,11,6,3,36.63,111
Bangalore,12,6,3,31.95,141
Bangalore,13,6,3,28.54,116
Bangalore,14,6,3,33.08,91
Bangalore,15,6,3,33.11,171
Bangalore,16,6,3,30.24,169
Bangalore,17,6,3,37.5,257
Bangalore,18,6,3,41.27,218
Bangalore,19,6,3,29.47,259
Bangalore,20,6,3,29.94,264
Bangalore,21,6,3,36.94,107
Bangalore,22,6,3,42.96,96
Bangalore,23,6,3,34.32,132
Bangalore,0,0,4,22.36,75
Bangalore,1,0,4,34.93,54
Bangalore,2,0,4,34.36,50
Bangalore,3,0,4,25.32,40
Bangalore,4,0,4,25.84,46
Bangalore,5,0,4,29.23,64
Bangalore,6,0,4,29.12,146
Bangalore,7,0,4,24.16,356
Bangalore,8,0,4,28.98,343
Bangalore,9,0,4,28.04,257
Bangalore,10,0,4,36.18,309
Bangalore,11,0,4,28.46,210
Bangalore,12,0,4,28.54,129
Bangalore,13,0,4,31.65,209
Bangalore,14,0,4,40.19,174
Bangalore,15,0,4,26.4,206
Bangalore,16,0,4,36.54,141
Bangalore,17,0,4,35.32,256
Bangalore,18,0,4,37.53,340
Bangalore,19,0,4,42.27,304
Bangalore,20,0,4,29.31,274
Bangalore,21,0,4,33.31,158
Bangalore,22,0,4,37.91,166
Bangalore,23,0,4,41.82,194
Bangalore,0,1,4,24.34,56
Bangalore,1,1,4,22.1,35
Bangalore,2,1,4,29.49,73
Bangalore,3,1,4,24.42,70
Bangalore,4,1,4,25.12,34
Bangalore,5,1,4,32.92,32
Bangalore,6,1,4,36.65,208
Bangalore,7,1,4,28.59,254
Bangalore,8,1,4,38.18,365
Bangalore,9,1,4,35.93,322
Bangalore,10,1,4,24.75,343
Bangalore,11,1,4,29.21,194
Bangalore,12,1,4,26.12,196
Bangalore,13,1,4,35.8,149
Bangalore,14,1,4,37.38,154
Bangalore,15,1,4,26.39,220
Bangalore,16,1,4,27.97,139
Bangalore,17,1,4,32.71,355
Bangalore,18,1,4,28.3,330
Bangalore,19,1,4,34.64,286
Bangalore,20,1,4,29.04,277
Bangalore,21,1,4,42.26,143
Bangalore,22,1,4,42.13,209
Bangalore,23,1,4,35.33,139
Bangalore,0,2,4,26.98,46
Bangalore,1,2,4,35.09,28
Bangalore,2,2,4,23.73,58
Bangalore,3,2,4,30.0,43
Bangalore,4,2,4,27.87,56
Bangalore,5,2,4,23.37,35
Bangalore,6,2,4,36.97,211
Bangalore,7,2,4,23.78,357
Bangalore,8,2,4,32.3,307
Bangalore,9,2,4,29.43,351
Bangalore,10,2,4,29.34,288
Bangalore,11,2,4,34.46,163
Bangalore,12,2,4,35.87,211
Bangalore,13,2,4,27.08,185
Bangalore,14,2,4,26.34,125
Bangalore,15,2,4,27.71,200
Bangalore,16,2,4,28.54,208
Bangalore,17,2,4,40.59,294
Bangalore,18,2,4,28.44,293
Bangalore,19,2,4,40.65,270
Bangalore,20,2,4,37.59,256
Bangalore,21,2,4,38.29,227
Bangalore,22,2,4,43.24,135
Bangalore,23,2,4,32.73,169
Bangalore,0,3,4,24.14,36
Bangalore,1,3,4,32.94,57
Bangalore,2,3,4,28.72,64
Bangalore,3,3,4,29.95,64
Bangalore,4,3,4,27.23,72
Bangalore,5,3,4,24.89,25
Bangalore,6,3,4,35.85,171
Bangalore,7,3,4,24.66,255
Bangalore,8,3,4,29.02,342
Bangalore,9,3,4,29.66,264
Bangalore,10,3,4,30.07,348
Bangalore,11,3,4,26.67,172
Bangalore,12,3,4,32.75,124
Bangalore,13,3,4,33.27,158
Bangalore,14,3,4,32.53,189
Bangalore,15,3,4,40.31,149
Bangalore,16,3,4,38.11,123
Bangalore,17,3,4,29.37,277
Bangalore,18,3,4,37.19,300
Bangalore,19,3,4,38.83,256
Bangalore,20,3,4,36.48,364
Bangalore,21,3,4,31.35,178
Bangalore,22,3,4,31.06,123
Bangalore,23,3,4,32.8,221
Bangalore,0,4,4,27.01,64
Bangalore,1,4,4,33.45,55
Bangalore,2,4,4,24.49,60
Bangalore,3,4,4,34.68,65
Bangalore,4,4,4,27.43,55
Bangalore,5,4,4,22.45,44
Bangalore,6,4,4,26.08,128
Bangalore,7,4,4,33.89,361
Bangalore,8,4,4,37.39,353
Bangalore,9,4,4,27.3,313
Bangalore,10,4,4,34.95,271
Bangalore,11,4,4,37.45,181
Bangalore,12,4,4,35.06,211
Bangalore,13,4,4,32.58,143
Bangalore,14,4,4,40.58,177
Bangalore,15,4,4,29.57,117
Bangalore,16,4,4,41.28,136
Bangalore,17,4,4,27.32,316
Bangalore,18,4,4,37.77,267
Bangalore,19,4,4,41.39,277
Bangalore,20,4,4,39.64,296
Bangalore,21,4,4,36.19,218
Bangalore,22,4,4,32.95,218
Bangalore,23,4,4,34.01,198
Bangalore,0,5,4,32.13,31
Bangalore,1,5,4,23.8,66
Bangalore,2,5,4,32.55,24
Bangalore,3,5,4,21.74,57
Bangalore,4,5,4,26.86,61
Bangalore,5,5,4,23.05,22
Bangalore,6,5,4,29.63,133
Bangalore,7,5,4,22.96,262
Bangalore,8,5,4,35.74,290
Bangalore,9,5,4,35.05,270
Bangalore,10,5,4,30.11,241
Bangalore,11,5,4,38.39,171
Bangalore,12,5,4,39.28,116
Bangalore,13,5,4,32.67,101
Bangalore,14,5,4,29.71,180
Bangalore,15,5,4,38.82,184
Bangalore,16,5,4,36.19,127
Bangalore,17,5,4,32.77,249
Bangalore,18,5,4,32.85,227
Bangalore,19,5,4,42.78,296
Bangalore,20,5,4,33.11,308
Bangalore,21,5,4,37.28,168
Bangalore,22,5,4,35.67,170
Bangalore,23,5,4,41.41,120
Bangalore,0,6,4,28.99,20
Bangalore,1,6,4,27.45,54
Bangalore,2,6,4,21.82,29
Bangalore,3,6,4,34.63,50
Bangalore,4,6,4,32.41,22
Bangalore,5,6,4,27.88,20
Bangalore,6,6,4,23.04,139
Bangalore,7,6,4,25.98,221
Bangalore,8,6,4,37.73,267
Bangalore,9,6,4,23.84,273
Bangalore,10,6,4,35.33,302
Bangalore,11,6,4,38.61,183
Bangalore,12,6,4,29.99,138
Bangalore,13,6,4,32.62,152
Bangalore,14,6,4,35.81,131
Bangalore,15,6,4,34.78,148
Bangalore,16,6,4,37.07,186
Bangalore,17,6,4,40.1,217
Bangalore,18,6,4,29.65,267
Bangalore,19,6,4,39.3,299
Bangalore,20,6,4,34.24,265
Bangalore,21,6,4,29.08,120
Bangalore,22,6,4,39.74,150
Bangalore,23,6,4,41.11,140
Bidar,0,0,1,21.29,17
Bidar,1,0,1,25.59,21
Bidar,2,0,1,21.46,18
Bidar,3,0,1,30.4,20
Bidar,4,0,1,25.23,14
Bidar,5,0,1,34.06,13
Bidar,6,0,1,33.4,50
Bidar,7,0,1,23.95,46
Bidar,8,0,1,31.7,51
Bidar,9,0,1,27.84,72
Bidar,10,0,1,25.49,62
Bidar,11,0,1,29.66,36
Bidar,12,0,1,38.2,55
Bidar,13,0,1,32.5,47
Bidar,14,0,1,33.56,45
Bidar,15,0,1,26.5,35
Bidar,16,0,1,30.84,34
Bidar,17,0,1,32.04,57
Bidar,18,0,1,39.66,54
Bidar,19,0,1,33.62,64
Bidar,20,0,1,36.64,53
Bidar,21,0,1,41.05,45
Bidar,22,0,1,29.35,65
Bidar,23,0,1,35.77,58
Bidar,0,1,1,31.98,22
Bidar,1,1,1,26.16,11
Bidar,2,1,1,31.09,19
Bidar,3,1,1,30.68,18
Bidar,4,1,1,22.23,22
Bidar,5,1,1,27.37,17
Bidar,6,1,1,31.14,46
Bidar,7,1,1,28.17,70
Bidar,8,1,1,26.58,68
Bidar,9,1,1,26.31,44
Bidar,10,1,1,31.44,64
Bidar,11,1,1,38.32,46
Bidar,12,1,1,31.97,48
Bidar,13,1,1,36.42,63
Bidar,14,1,1,34.34,38
Bidar,15,1,1,26.99,62
Bidar,16,1,1,40.26,34
Bidar,17,1,1,33.39,57
Bidar,18,1,1,34.18,59
Bidar,19,1,1,31.81,55
Bidar,20,1,1,32.13,53
Bidar,21,1,1,40.49,41
Bidar,22,1,1,31.9,44
Bidar,23,1,1,33.43,49
Bidar,0,2,1,25.4,10
Bidar,1,2,1,24.34,10
Bidar,2,2,1,32.68,21
Bidar,3,2,1,34.57,12
Bidar,4,2,1,21.77,17
Bidar,5,2,1,27.78,11
Bidar,6,2,1,22.57,34
Bidar,7,2,1,27.99,62
Bidar,8,2,1,32.62,50
Bidar,9,2,1,26.48,50
Bidar,10,2,1,35.78,47
Bidar,11,2,1,36.05,48
Bidar,12,2,1,37.92,41
Bidar,13,2,1,26.8,65
Bidar,14,2,1,37.31,56
Bidar,15,2,1,27.94,59
Bidar,16,2,1,38.68,62
Bidar,17,2,1,28.06,75
Bidar,18,2,1,31.97,51
Bidar,19,2,1,38.48,58
Bidar,20,2,1,42.87,45
Bidar,21,2,1,32.09,54
Bidar,22,2,1,32.05,57
Bidar,23,2,1,37.69,36
Bidar,0,3,1,20.27,10
Bidar,1,3,1,21.18,15
Bidar,2,3,1,23.82,14
Bidar,3,3,1,27.7,10
Bidar,4,3,1,33.39,11
Bidar,5,3,1,23.76,10
Bidar,6,3,1,35.34,35
Bidar,7,3,1,30.68,54
Bidar,8,3,1,25.75,52
Bidar,9,3,1,32.09,64
Bidar,10,3,1,37.19,70
Bidar,11,3,1,34.3,39
Bidar,12,3,1,37.05,61
Bidar,13,3,1,33.9,49
Bidar,14,3,1,27.35,52
Bidar,15,3,1,28.2,54
Bidar,16,3,1,30.56,37
Bidar,17,3,1,32.35,68
Bidar,18,3,1,37.21,60
Bidar,19,3,1,40.0,76
Bidar,20,3,1,37.48,56
Bidar,21,3,1,37.26,34
Bidar,22,3,1,34.53,67
Bidar,23,3,1,35.09,54
Bidar,0,4,1,26.64,16
Bidar,1,4,1,23.75,17
Bidar,2,4,1,27.8,11
Bidar,3,4,1,29.78,11
Bidar,4,4,1,23.15,22
Bidar,5,4,1,23.48,11
Bidar,6,4,1,24.53,67
Bidar,7,4,1,26.73,63
Bidar,8,4,1,30.75,72
Bidar,9,4,1,26.1,73
Bidar,10,4,1,27.68,45
Bidar,11,4,1,29.72,38
Bidar,12,4,1,38.61,50
Bidar,13,4,1,38.25,51
Bidar,14,4,1,29.29,55
Bidar,15,4,1,29.58,56
Bidar,16,4,1,32.74,41
Bidar,17,4,1,41.29,57
Bidar,18,4,1,41.72,45
Bidar,19,4,1,31.41,44
Bidar,20,4,1,34.69,56
Bidar,21,4,1,34.56,59
Bidar,22,4,1,30.15,40
Bidar,23,4,1,42.72,41
Bidar,0,5,1,22.57,11
Bidar,1,5,1,24.25,13
Bidar,2,5,1,30.48,15
Bidar,3,5,1,31.69,18
Bidar,4,5,1,24.77,10
Bidar,5,5,1,29.17,11
Bidar,6,5,1,28.36,54
Bidar,7,5,1,25.99,55
Bidar,8,5,1,27.61,47
Bidar,9,5,1,33.08,61
Bidar,10,5,1,38.84,58
Bidar,11,5,1,33.42,47
Bidar,12,5,1,27.44,38
Bidar,13,5,1,28.64,47
Bidar,14,5,1,34.34,51
Bidar,15,5,1,32.68,31
Bidar,16,5,1,33.54,41
Bidar,17,5,1,41.62,49
Bidar,18,5,1,38.91,48
Bidar,19,5,1,33.86,65
Bidar,20,5,1,42.54,52
Bidar,21,5,1,42.78,29
Bidar,22,5,1,35.15,46
Bidar,23,5,1,42.37,28
Bidar,0,6,1,31.54,13
Bidar,1,6,1,29.68,10
Bidar,2,6,1,30.59,10
Bidar,3,6,1,27.07,10
Bidar,4,6,1,24.38,13
Bidar,5,6,1,32.79,10
Bidar,6,6,1,34.84,39
Bidar,7,6,1,23.29,63
Bidar,8,6,1,33.25,57
Bidar,9,6,1,29.9,53
Bidar,10,6,1,27.73,45
Bidar,11,6,1,34.6,49
Bidar,12,6,1,36.07,33
Bidar,13,6,1,29.35,44
Bidar,14,6,1,29.36,43
Bidar,15,6,1,40.45,53
Bidar,16,6,1,40.58,31
Bidar,17,6,1,28.28,60
Bidar,18,6,1,36.27,44
Bidar,19,6,1,42.52,58
Bidar,20,6,1,36.15,42
Bidar,21,6,1,30.45,49
Bidar,22,6,1,34.35,49
Bidar,23,6,1,30.28,57
Bidar,0,0,2,29.04,14
Bidar,1,0,2,26.31,25
Bidar,2,0,2,28.53,25
Bidar,3,0,2,26.53,24
Bidar,4,0,2,34.35,12
Bidar,5,0,2,24.25,10
Bidar,6,0,2,30.93,65
Bidar,7,0,2,33.84,84
Bidar,8,0,2,32.01,69
Bidar,9,0,2,37.05,79
Bidar,10,0,2,37.8,79
Bidar,11,0,2,34.65,66
Bidar,12,0,2,39.48,46
Bidar,13,0,2,34.15,48
Bidar,14,0,2,28.34,38
Bidar,15,0,2,35.29,57
Bidar,16,0,2,29.34,73
Bidar,17,0,2,33.89,64
Bidar,18,0,2,28.57,82
Bidar,19,0,2,28.0,74
Bidar,20,0,2,42.41,54
Bidar,21,0,2,38.19,73
Bidar,22,0,2,39.03,56
Bidar,23,0,2,44.46,57
Bidar,0,1,2,29.83,14
Bidar,1,1,2,34.36,11
Bidar,2,1,2,32.02,11
Bidar,3,1,2,25.53,14
Bidar,4,1,2,29.71,14
Bidar,5,1,2,29.4,20
Bidar,6,1,2,28.03,72
Bidar,7,1,2,26.42,76
Bidar,8,1,2,25.32,59
Bidar,9,1,2,36.49,70
Bidar,10,1,2,25.77,72
Bidar,11,1,2,39.49,57
Bidar,12,1,2,27.95,40
Bidar,13,1,2,39.63,69
Bidar,14,1,2,29.7,39
Bidar,15,1,2,39.03,46
Bidar,16,1,2,37.64,55
Bidar,17,1,2,35.9,74
Bidar,18,1,2,34.63,85
Bidar,19,1,2,41.68,86
Bidar,20,1,2,35.72,76
Bidar,21,1,2,30.81,39
Bidar,22,1,2,37.23,72
Bidar,23,1,2,34.08,74
Bidar,0,2,2,24.64,18
Bidar,1,2,2,30.6,16
Bidar,2,2,2,24.44,23
Bidar,3,2,2,25.31,20
Bidar,4,2,2,32.33,16
Bidar,5,2,2,28.86,20
Bidar,6,2,2,33.54,66
Bidar,7,2,2,24.69,51
Bidar,8,2,2,30.43,74
Bidar,9,2,2,37.64,60
Bidar,10,2,2,38.97,52
Bidar,11,2,2,25.83,55
Bidar,12,2,2,34.63,72
Bidar,13,2,2,40.42,54
Bidar,14,2,2,31.19,50
Bidar,15,2,2,27.39,40
Bidar,16,2,2,37.79,41
Bidar,17,2,2,37.49,84
Bidar,18,2,2,41.61,63
Bidar,19,2,2,33.3,84
Bidar,20,2,2,37.33,49
Bidar,21,2,2,35.06,75
Bidar,22,2,2,39.46,57
Bidar,23,2,2,32.23,44
Bidar,0,3,2,27.25,24
Bidar,1,3,2,24.46,16
Bidar,2,3,2,33.48,17
Bidar,3,3,2,24.02,22
Bidar,4,3,2,22.88,13
Bidar,5,3,2,22.62,19
Bidar,6,3,2,25.49,52
Bidar,7,3,2,36.27,86
Bidar,8,3,2,27.72,49
Bidar,9,3,2,24.09,54
Bidar,10,3,2,32.95,75
Bidar,11,3,2,27.59,46
Bidar,12,3,2,37.37,73
Bidar,13,3,2,38.63,45
Bidar,14,3,2,28.6,74
Bidar,15,3,2,41.04,42
Bidar,16,3,2,32.89,73
Bidar,17,3,2,36.65,55
Bidar,18,3,2,37.9,63
Bidar,19,3,2,34.13,76
Bidar,20,3,2,40.63,60
Bidar,21,3,2,33.91,73
Bidar,22,3,2,31.52,72
Bidar,23,3,2,33.25,57
Bidar,0,4,2,24.76,16
Bidar,1,4,2,32.67,10
Bidar,2,4,2,23.23,15
Bidar,3,4,2,25.03,10
Bidar,4,4,2,28.53,10
Bidar,5,4,2,24.36,19
Bidar,6,4,2,23.33,75
Bidar,7,4,2,36.31,79
Bidar,8,4,2,26.34,58
Bidar,9,4,2,30.09,72
Bidar,10,4,2,30.85,51
Bidar,11,4,2,27.17,44
Bidar,12,4,2,39.76,59
Bidar,13,4,2,34.55,72
Bidar,14,4,2,30.47,74
Bidar,15,4,2,34.58,58
Bidar,16,4,2,33.55,49
Bidar,17,4,2,27.79,56
Bidar,18,4,2,41.87,81
Bidar,19,4,2,29.77,75
Bidar,20,4,2,33.23,60
Bidar,21,4,2,29.73,49
Bidar,22,4,2,40.48,62
Bidar,23,4,2,38.79,55
Bidar,0,5,2,23.35,21
Bidar,1,5,2,21.01,14
Bidar,2,5,2,28.75,17
Bidar,3,5,2,27.41,10
Bidar,4,5,2,33.75,19
Bidar,5,5,2,23.97,20
Bidar,6,5,2,28.5,63
Bidar,7,5,2,29.54,69
Bidar,8,5,2,32.93,54
Bidar,9,5,2,36.72,45
Bidar,10,5,2,34.21,58
Bidar,11,5,2,31.8,57
Bidar,12,5,2,33.34,62
Bidar,13,5,2,26.87,62
Bidar,14,5,2,27.44,33
Bidar,15,5,2,26.68,63
Bidar,16,5,2,34.95,57
Bidar,17,5,2,33.21,48
Bidar,18,5,2,33.42,57
Bidar,19,5,2,33.34,48
Bidar,20,5,2,37.98,64
Bidar,21,5,2,38.19,39
Bidar,22,5,2,29.49,36
Bidar,23,5,2,40.57,57
Bidar,0,6,2,22.71,10
Bidar,1,6,2,20.52,14
Bidar,2,6,2,23.42,14
Bidar,3,6,2,34.34,15
Bidar,4,6,2,31.59,16
Bidar,5,6,2,27.77,14
Bidar,6,6,2,23.37,60
Bidar,7,6,2,33.63,45
Bidar,8,6,2,37.47,48
Bidar,9,6,2,37.5,47
Bidar,10,6,2,33.56,67
Bidar,11,6,2,37.71,46
Bidar,12,6,2,39.93,53
Bidar,13,6,2,37.07,37
Bidar,14,6,2,35.67,46
Bidar,15,6,2,36.45,46
Bidar,16,6,2,27.26,54
Bidar,17,6,2,36.5,63
Bidar,18,6,2,40.27,58
Bidar,19,6,2,28.08,58
Bidar,20,6,2,41.13,60
Bidar,21,6,2,31.47,35
Bidar,22,6,2,38.35,58
Bidar,23,6,2,30.91,36
Bidar,0,0,3,33.26,24
Bidar,1,0,3,23.43,12
Bidar,2,0,3,30.67,21
Bidar,3,0,3,31.23,21
Bidar,4,0,3,36.12,10
Bidar,5,0,3,32.86,28
Bidar,6,0,3,35.4,82
Bidar,7,0,3,31.8,55
Bidar,8,0,3,27.59,75
Bidar,9,0,3,27.14,85
Bidar,10,0,3,35.29,92
Bidar,11,0,3,36.84,64
Bidar,12,0,3,29.31,56
Bidar,13,0,3,30.8,60
Bidar,14,0,3,26.69,82
Bidar,15,0,3,40.7,56
Bidar,16,0,3,32.61,81
Bidar,17,0,3,31.58,66
Bidar,18,0,3,41.87,68
Bidar,19,0,3,31.08,88
Bidar,20,0,3,32.4,75
Bidar,21,0,3,31.19,70
Bidar,22,0,3,30.2,57
Bidar,23,0,3,36.39,59
Bidar,0,1,3,31.24,10
Bidar,1,1,3,23.25,11
Bidar,2,1,3,26.82,26
Bidar,3,1,3,31.78,15
Bidar,4,1,3,29.16,12
Bidar,5,1,3,31.45,24
Bidar,6,1,3,29.38,77
Bidar,7,1,3,25.35,81
Bidar,8,1,3,36.45,78
Bidar,9,1,3,24.93,88
Bidar,10,1,3,26.06,67
Bidar,11,1,3,25.51,58
Bidar,12,1,3,32.41,69
Bidar,13,1,3,34.02,68
Bidar,14,1,3,26.24,58
Bidar,15,1,3,41.14,82
Bidar,16,1,3,37.63,49
Bidar,17,1,3,41.1,78
Bidar,18,1,3,37.75,91
Bidar,19,1,3,30.92,69
Bidar,20,1,3,36.75,64
Bidar,21,1,3,38.94,53
Bidar,22,1,3,32.61,43
Bidar,23,1,3,30.09,56
Bidar,0,2,3,22.1,25
Bidar,1,2,3,26.93,15
Bidar,2,2,3,22.89,21
Bidar,3,2,3,29.67,10
Bidar,4,2,3,30.57,22
Bidar,5,2,3,25.22,21
Bidar,6,2,3,31.98,56
Bidar,7,2,3,37.57,87
Bidar,8,2,3,31.68,63
Bidar,9,2,3,37.59,58
Bidar,10,2,3,34.39,66
Bidar,11,2,3,34.57,61
Bidar,12,2,3,34.69,73
Bidar,13,2,3,32.82,74
Bidar,14,2,3,30.04,58
Bidar,15,2,3,36.54,52
Bidar,16,2,3,33.59,44
Bidar,17,2,3,32.39,66
Bidar,18,2,3,34.56,93
Bidar,19,2,3,42.53,77
Bidar,20,2,3,30.71,86
Bidar,21,2,3,32.01,67
Bidar,22,2,3,35.21,76
Bidar,23,2,3,44.42,77
Bidar,0,3,3,22.88,28
Bidar,1,3,3,22.2,22
Bidar,2,3,3,31.84,13
Bidar,3,3,3,28.18,23
Bidar,4,3,3,30.4,10
Bidar,5,3,3,32.92,14
Bidar,6,3,3,28.57,77
Bidar,7,3,3,33.14,59
Bidar,8,3,3,37.21,94
Bidar,9,3,3,25.95,58
Bidar,10,3,3,29.08,81
Bidar,11,3,3,25.12,67
Bidar,12,3,3,30.51,71
Bidar,13,3,3,40.0,49
Bidar,14,3,3,36.96,51
Bidar,15,3,3,39.52,77
Bidar,16,3,3,36.15,53
Bidar,17,3,3,32.26,65
Bidar,18,3,3,35.73,88
Bidar,19,3,3,41.67,67
Bidar,20,3,3,43.32,71
Bidar,21,3,3,40.7,58
Bidar,22,3,3,38.67,47
Bidar,23,3,3,42.31,54
Bidar,0,4,3,31.19,16
Bidar,1,4,3,33.12,10
Bidar,2,4,3,32.9,15
Bidar,3,4,3,26.27,16
Bidar,4,4,3,31.85,18
Bidar,5,4,3,28.31,26
Bidar,6,4,3,22.87,45
Bidar,7,4,3,27.84,86
Bidar,8,4,3,24.84,89
Bidar,9,4,3,31.46,67
Bidar,10,4,3,36.59,55
Bidar,11,4,3,29.1,55
Bidar,12,4,3,30.49,69
Bidar,13,4,3,30.15,77
Bidar,14,4,3,39.65,72
Bidar,15,4,3,31.79,63
Bidar,16,4,3,34.24,54
Bidar,17,4,3,40.58,65
Bidar,18,4,3,33.72,78
Bidar,19,4,3,35.53,58
Bidar,20,4,3,29.32,89
Bidar,21,4,3,43.15,81
Bidar,22,4,3,42.59,80
Bidar,23,4,3,35.53,61
Bidar,0,5,3,31.96,10
Bidar,1,5,3,30.06,10
Bidar,2,5,3,32.52,15
Bidar,3,5,3,32.52,19
Bidar,4,5,3,24.08,10
Bidar,5,5,3,36.76,16
Bidar,6,5,3,28.16,49
Bidar,7,5,3,25.08,66
Bidar,8,5,3,27.83,54
Bidar,9,5,3,33.5,62
Bidar,10,5,3,33.1,56
Bidar,11,5,3,28.18,49
Bidar,12,5,3,27.66,54
Bidar,13,5,3,37.85,58
Bidar,14,5,3,32.09,44
Bidar,15,5,3,28.6,54
Bidar,16,5,3,37.92,62
Bidar,17,5,3,35.56,69
Bidar,18,5,3,31.92,52
Bidar,19,5,3,29.36,60
Bidar,20,5,3,33.62,63
Bidar,21,5,3,37.15,40
Bidar,22,5,3,39.31,57
Bidar,23,5,3,32.59,37
Bidar,0,6,3,32.75,15
Bidar,1,6,3,29.48,10
Bidar,2,6,3,29.83,10
Bidar,3,6,3,30.36,20
Bidar,4,6,3,23.81,23
Bidar,5,6,3,28.23,16
Bidar,6,6,3,33.14,48
Bidar,7,6,3,36.03,78
Bidar,8,6,3,29.55,57
Bidar,9,6,3,37.04,48
Bidar,10,6,3,35.86,61
Bidar,11,6,3,36.43,67
Bidar,12,6,3,28.13,41
Bidar,13,6,3,31.07,46
Bidar,14,6,3,26.54,52
Bidar,15,6,3,36.11,51
Bidar,16,6,3,29.97,61
Bidar,17,6,3,39.99,63
Bidar,18,6,3,32.46,67
Bidar,19,6,3,41.62,80
Bidar,20,6,3,32.47,66
Bidar,21,6,3,36.87,48
Bidar,22,6,3,32.46,50
Bidar,23,6,3,39.3,60
Bidar,0,0,4,25.9,16
Bidar,1,0,4,24.66,21
Bidar,2,0,4,34.64,25
Bidar,3,0,4,36.03,12
Bidar,4,0,4,27.63,10
Bidar,5,0,4,33.52,18
Bidar,6,0,4,28.18,67
Bidar,7,0,4,27.55,79
Bidar,8,0,4,28.81,87
Bidar,9,0,4,35.63,104
Bidar,10,0,4,32.33,98
Bidar,11,0,4,38.09,86
Bidar,12,0,4,36.81,87
Bidar,13,0,4,36.29,65
Bidar,14,0,4,26.66,49
Bidar,15,0,4,40.85,59
Bidar,16,0,4,34.77,52
Bidar,17,0,4,31.49,83
Bidar,18,0,4,31.79,65
Bidar,19,0,4,40.67,59
Bidar,20,0,4,31.6,62
Bidar,21,0,4,36.04,52
Bidar,22,0,4,30.05,88
Bidar,23,0,4,29.71,89
Bidar,0,1,4,28.52,10
Bidar,1,1,4,28.41,20
Bidar,2,1,4,22.31,16
Bidar,3,1,4,30.13,29
Bidar,4,1,4,30.88,14
Bidar,5,1,4,36.82,28
Bidar,6,1,4,36.26,47
Bidar,7,1,4,34.81,59
Bidar,8,1,4,25.86,79
Bidar,9,1,4,34.89,90
Bidar,10,1,4,32.65,104
Bidar,11,1,4,31.8,51
Bidar,12,1,4,26.47,81
Bidar,13,1,4,31.27,56
Bidar,14,1,4,37.62,59
Bidar,15,1,4,41.07,49
Bidar,16,1,4,36.89,83
Bidar,17,1,4,28.16,92
Bidar,18,1,4,37.98,72
Bidar,19,1,4,29.28,70
Bidar,20,1,4,39.21,70
Bidar,21,1,4,38.25,70
Bidar,22,1,4,33.32,72
Bidar,23,1,4,38.62,86
Bidar,0,2,4,31.86,18
Bidar,1,2,4,34.31,10
Bidar,2,2,4,22.88,16
Bidar,3,2,4,30.86,28
Bidar,4,2,4,23.48,17
Bidar,5,2,4,25.32,12
Bidar,6,2,4,33.97,79
Bidar,7,2,4,31.95,82
Bidar,8,2,4,25.21,63
Bidar,9,2,4,34.39,63
Bidar,10,2,4,27.1,103
Bidar,11,2,4,28.32,52
Bidar,12,2,4,25.13,51
Bidar,13,2,4,34.49,71
Bidar,14,2,4,33.0,60
Bidar,15,2,4,37.52,57
Bidar,16,2,4,27.37,81
Bidar,17,2,4,34.52,95
Bidar,18,2,4,36.14,94
Bidar,19,2,4,35.6,70
Bidar,20,2,4,32.26,103
Bidar,21,2,4,30.25,54
Bidar,22,2,4,41.07,49
Bidar,23,2,4,35.83,66
Bidar,0,3,4,27.45,28
Bidar,1,3,4,20.82,25
Bidar,2,3,4,32.77,18
Bidar,3,3,4,28.45,31
Bidar,4,3,4,35.68,20
Bidar,5,3,4,30.08,29
Bidar,6,3,4,27.48,71
Bidar,7,3,4,24.18,80
Bidar,8,3,4,31.86,66
Bidar,9,3,4,31.18,59
Bidar,10,3,4,31.06,96
Bidar,11,3,4,27.77,64
Bidar,12,3,4,31.94,56
Bidar,13,3,4,30.47,73
Bidar,14,3,4,32.09,86
Bidar,15,3,4,37.06,71
Bidar,16,3,4,27.99,55
Bidar,17,3,4,34.29,64
Bidar,18,3,4,31.09,95
Bidar,19,3,4,32.18,65
Bidar,20,3,4,30.46,93
Bidar,21,3,4,39.05,81
Bidar,22,3,4,38.72,58
Bidar,23,3,4,37.6,55
Bidar,0,4,4,21.55,13
Bidar,1,4,4,25.5,14
Bidar,2,4,4,34.5,28
Bidar,3,4,4,30.77,27
Bidar,4,4,4,28.73,17
Bidar,5,4,4,35.85,27
Bidar,6,4,4,37.46,55
Bidar,7,4,4,34.59,98
Bidar,8,4,4,24.81,71
Bidar,9,4,4,33.94,69
Bidar,10,4,4,25.74,78
Bidar,11,4,4,32.79,90
Bidar,12,4,4,30.79,57
Bidar,13,4,4,25.59,62
Bidar,14,4,4,31.5,78
Bidar,15,4,4,37.89,75
Bidar,16,4,4,38.45,54
Bidar,17,4,4,28.57,77
Bidar,18,4,4,36.25,77
Bidar,19,4,4,34.3,85
Bidar,20,4,4,32.18,74
Bidar,21,4,4,35.59,58
Bidar,22,4,4,36.14,46
Bidar,23,4,4,38.34,70
Bidar,0,5,4,25.53,18
Bidar,1,5,4,30.82,12
Bidar,2,5,4,25.3,16
Bidar,3,5,4,30.93,19
Bidar,4,5,4,34.84,10
Bidar,5,5,4,27.38,22
Bidar,6,5,4,28.64,42
Bidar,7,5,4,25.13,59
Bidar,8,5,4,32.6,59
Bidar,9,5,4,27.75,78
Bidar,10,5,4,27.75,57
Bidar,11,5,4,32.4,58
Bidar,12,5,4,26.38,70
Bidar,13,5,4,34.98,43
Bidar,14,5,4,28.18,59
Bidar,15,5,4,35.06,56
Bidar,16,5,4,41.6,43
Bidar,17,5,4,36.38,87
Bidar,18,5,4,35.68,72
Bidar,19,5,4,39.71,69
Bidar,20,5,4,31.08,65
Bidar,21,5,4,39.33,43
Bidar,22,5,4,36.51,55
Bidar,23,5,4,44.42,72
Bidar,0,6,4,25.98,11
Bidar,1,6,4,30.58,24
Bidar,2,6,4,26.32,10
Bidar,3,6,4,34.33,13
Bidar,4,6,4,27.37,21
Bidar,5,6,4,33.89,26
Bidar,6,6,4,29.34,43
Bidar,7,6,4,34.23,88
Bidar,8,6,4,25.48,62
Bidar,9,6,4,38.69,51
Bidar,10,6,4,28.76,60
Bidar,11,6,4,33.24,66
Bidar,12,6,4,27.43,43
Bidar,13,6,4,38.16,75
Bidar,14,6,4,26.19,54
Bidar,15,6,4,36.37,62
Bidar,16,6,4,40.79,47
Bidar,17,6,4,41.9,60
Bidar,18,6,4,37.97,63
Bidar,19,6,4,37.03,78
Bidar,20,6,4,29.79,68
Bidar,21,6,4,31.69,53
Bidar,22,6,4,37.23,74
Bidar,23,6,4,29.8,72
Raichur,0,0,1,22.94,24
Raichur,1,0,1,27.83,10
Raichur,2,0,1,21.17,10
Raichur,3,0,1,23.66,13
Raichur,4,0,1,29.79,13
Raichur,5,0,1,35.16,10
Raichur,6,0,1,29.63,50
Raichur,7,0,1,28.47,70
Raichur,8,0,1,32.54,55
Raichur,9,0,1,28.42,72
Raichur,10,0,1,35.6,66
Raichur,11,0,1,30.05,38
Raichur,12,0,1,28.5,70
Raichur,13,0,1,37.75,39
Raichur,14,0,1,31.98,67
Raichur,15,0,1,36.8,55
Raichur,16,0,1,34.73,53
Raichur,17,0,1,34.05,70
Raichur,18,0,1,36.0,94
Raichur,19,0,1,35.89,80
Raichur,20,0,1,34.17,61
Raichur,21,0,1,41.64,73
Raichur,22,0,1,29.32,56
Raichur,23,0,1,33.26,55
Raichur,0,1,1,25.92,27
Raichur,1,1,1,33.0,24
Raichur,2,1,1,33.26,13
Raichur,3,1,1,31.74,24
Raichur,4,1,1,28.52,23
Raichur,5,1,1,35.48,27
Raichur,6,1,1,37.2,66
Raichur,7,1,1,35.38,54
Raichur,8,1,1,31.71,65
Raichur,9,1,1,38.57,59
Raichur,10,1,1,31.92,72
Raichur,11,1,1,33.93,50
Raichur,12,1,1,34.3,52
Raichur,13,1,1,38.18,43
Raichur,14,1,1,34.45,40
Raichur,15,1,1,31.39,63
Raichur,16,1,1,39.1,72
Raichur,17,1,1,36.66,89
Raichur,18,1,1,32.86,93
Raichur,19,1,1,41.05,82
Raichur,20,1,1,41.0,84
Raichur,21,1,1,29.68,69
Raichur,22,1,1,37.02,49
Raichur,23,1,1,32.36,69
Raichur,0,2,1,24.22,10
Raichur,1,2,1,29.65,27
Raichur,2,2,1,29.91,22
Raichur,3,2,1,27.51,26
Raichur,4,2,1,31.01,21
Raichur,5,2,1,36.09,18
Raichur,6,2,1,28.84,65
Raichur,7,2,1,35.98,59
Raichur,8,2,1,24.24,60
Raichur,9,2,1,29.36,59
Raichur,10,2,1,31.27,76
Raichur,11,2,1,31.82,43
Raichur,12,2,1,38.77,56
Raichur,13,2,1,38.88,53
Raichur,14,2,1,31.87,77
Raichur,15,2,1,40.57,54
Raichur,16,2,1,33.61,77
Raichur,17,2,1,38.28,87
Raichur,18,2,1,39.79,53
Raichur,19,2,1,38.76,88
Raichur,20,2,1,33.52,92
Raichur,21,2,1,38.44,78
Raichur,22,2,1,40.69,72
Raichur,23,2,1,42.32,74
Raichur,0,3,1,34.47,11
Raichur,1,3,1,34.13,13
Raichur,2,3,1,26.13,19
Raichur,3,3,1,28.52,22
Raichur,4,3,1,22.91,20
Raichur,5,3,1,23.65,26
Raichur,6,3,1,36.31,39
Raichur,7,3,1,23.44,58
Raichur,8,3,1,35.89,69
Raichur,9,3,1,31.09,87
Raichur,10,3,1,33.75,70
Raichur,11,3,1,27.15,67
Raichur,12,3,1,39.18,73
Raichur,13,3,1,37.05,77
Raichur,14,3,1,26.95,66
Raichur,15,3,1,40.08,61
Raichur,16,3,1,35.11,45
Raichur,17,3,1,29.78,79
Raichur,18,3,1,36.64,82
Raichur,19,3,1,32.39,87
Raichur,20,3,1,36.79,90
Raichur,21,3,1,28.96,42
Raichur,22,3,1,42.48,52
Raichur,23,3,1,36.78,62
Raichur,0,4,1,23.12,24
Raichur,1,4,1,28.55,17
Raichur,2,4,1,26.43,25
Raichur,3,4,1,34.24,11
Raichur,4,4,1,23.32,15
Raichur,5,4,1,23.6,23
Raichur,6,4,1,25.85,63
Raichur,7,4,1,33.13,93
Raichur,8,4,1,27.73,65
Raichur,9,4,1,32.11,77
Raichur,10,4,1,35.76,92
Raichur,11,4,1,28.14,78
Raichur,12,4,1,38.03,53
Raichur,13,4,1,33.83,47
Raichur,14,4,1,28.95,45
Raichur,15,4,1,36.77,69
Raichur,16,4,1,36.98,73
Raichur,17,4,1,38.25,88
Raichur,18,4,1,42.05,86
Raichur,19,4,1,32.77,93
Raichur,20,4,1,35.96,79
Raichur,21,4,1,29.88,65
Raichur,22,4,1,33.52,45
Raichur,23,4,1,30.94,66
Raichur,0,5,1,27.19,10
Raichur,1,5,1,22.36,16
Raichur,2,5,1,30.02,14
Raichur,3,5,1,27.75,19
Raichur,4,5,1,30.63,20
Raichur,5,5,1,32.12,11
Raichur,6,5,1,33.76,33
Raichur,7,5,1,34.19,66
Raichur,8,5,1,27.89,54
Raichur,9,5,1,29.54,71
Raichur,10,5,1,26.67,71
Raichur,11,5,1,32.37,46
Raichur,12,5,1,30.81,48
Raichur,13,5,1,28.8,42
Raichur,14,5,1,36.99,65
Raichur,15,5,1,31.13,63
Raichur,16,5,1,38.28,32
Raichur,17,5,1,36.62,60
Raichur,18,5,1,32.8,68
Raichur,19,5,1,32.39,49
Raichur,20,5,1,33.79,75
Raichur,21,5,1,38.83,67
Raichur,22,5,1,36.41,41
Raichur,23,5,1,37.27,55
Raichur,0,6,1,31.73,10
Raichur,1,6,1,30.4,21
Raichur,2,6,1,26.29,12
Raichur,3,6,1,28.69,14
Raichur,4,6,1,22.73,10
Raichur,5,6,1,34.06,17
Raichur,6,6,1,30.12,61
Raichur,7,6,1,31.34,55
Raichur,8,6,1,34.91,60
Raichur,9,6,1,25.75,77
Raichur,10,6,1,31.6,66
Raichur,11,6,1,38.52,49
Raichur,12,6,1,34.6,32
Raichur,13,6,1,26.55,53
Raichur,14,6,1,33.28,52
Raichur,15,6,1,40.56,43
Raichur,16,6,1,27.98,60
Raichur,17,6,1,34.14,68
Raichur,18,6,1,38.09,64
Raichur,19,6,1,28.75,66
Raichur,20,6,1,31.72,74
Raichur,21,6,1,39.14,49
Raichur,22,6,1,39.01,59
Raichur,23,6,1,33.89,56
Raichur,0,0,2,34.14,10
Raichur,1,0,2,35.21,26
Raichur,2,0,2,25.34,30
Raichur,3,0,2,22.92,29
Raichur,4,0,2,34.67,11
Raichur,5,0,2,23.77,10
Raichur,6,0,2,31.17,65
Raichur,7,0,2,36.22,93
Raichur,8,0,2,31.25,73
Raichur,9,0,2,24.47,62
Raichur,10,0,2,28.84,82
Raichur,11,0,2,25.89,50
Raichur,12,0,2,36.75,87
Raichur,13,0,2,26.07,72
Raichur,14,0,2,30.24,76
Raichur,15,0,2,38.38,77
Raichur,16,0,2,31.13,72
Raichur,17,0,2,28.46,60
Raichur,18,0,2,38.07,91
Raichur,19,0,2,41.19,88
Raichur,20,0,2,39.44,73
Raichur,21,0,2,32.73,57
Raichur,22,0,2,33.39,76
Raichur,23,0,2,37.89,86
Raichur,0,1,2,30.72,22
Raichur,1,1,2,32.04,10
Raichur,2,1,2,24.44,24
Raichur,3,1,2,30.16,21
Raichur,4,1,2,21.9,22
Raichur,5,1,2,29.25,26
Raichur,6,1,2,29.17,43
Raichur,7,1,2,30.66,68
Raichur,8,1,2,27.43,87
Raichur,9,1,2,37.31,88
Raichur,10,1,2,30.88,71
Raichur,11,1,2,25.61,47
Raichur,12,1,2,38.9,88
Raichur,13,1,2,38.5,74
Raichur,14,1,2,40.05,43
Raichur,15,1,2,37.39,77
Raichur,16,1,2,36.29,50
Raichur,17,1,2,37.25,84
Raichur,18,1,2,33.16,76
Raichur,19,1,2,32.25,77
Raichur,20,1,2,33.54,64
Raichur,21,1,2,43.25,69
Raichur,22,1,2,29.35,70
Raichur,23,1,2,29.93,88
Raichur,0,2,2,24.54,29
Raichur,1,2,2,31.2,12
Raichur,2,2,2,21.2,25
Raichur,3,2,2,22.33,19
Raichur,4,2,2,31.88,17
Raichur,5,2,2,26.23,23
Raichur,6,2,2,29.49,55
Raichur,7,2,2,25.93,82
Raichur,8,2,2,24.01,68
Raichur,9,2,2,28.17,99
Raichur,10,2,2,34.73,81
Raichur,11,2,2,27.39,46
Raichur,12,2,2,35.61,47
Raichur,13,2,2,35.96,80
Raichur,14,2,2,33.38,72
Raichur,15,2,2,33.74,48
Raichur,16,2,2,31.03,76
Raichur,17,2,2,37.64,92
Raichur,18,2,2,38.81,66
Raichur,19,2,2,36.33,78
Raichur,20,2,2,40.79,104
Raichur,21,2,2,31.01,52
Raichur,22,2,2,36.37,75
Raichur,23,2,2,38.01,73
Raichur,0,3,2,32.26,12
Raichur,1,3,2,30.61,24
Raichur,2,3,2,25.11,19
Raichur,3,3,2,34.99,15
Raichur,4,3,2,27.88,27
Raichur,5,3,2,36.81,10
Raichur,6,3,2,31.23,50
Raichur,7,3,2,27.92,77
Raichur,8,3,2,30.16,78
Raichur,9,3,2,26.8,83
Raichur,10,3,2,33.49,104
Raichur,11,3,2,37.74,56
Raichur,12,3,2,37.31,84
Raichur,13,3,2,37.25,59
Raichur,14,3,2,25.95,76
Raichur,15,3,2,40.5,71
Raichur,16,3,2,39.12,44
Raichur,17,3,2,39.32,61
Raichur,18,3,2,29.52,93
Raichur,19,3,2,32.27,68
Raichur,20,3,2,32.55,66
Raichur,21,3,2,30.08,64
Raichur,22,3,2,40.47,48
Raichur,23,3,2,37.98,52
Raichur,0,4,2,26.65,21
Raichur,1,4,2,25.86,24
Raichur,2,4,2,30.73,22
Raichur,3,4,2,25.74,30
Raichur,4,4,2,23.89,17
Raichur,5,4,2,33.04,12
Raichur,6,4,2,35.54,86
Raichur,7,4,2,30.5,105
Raichur,8,4,2,34.57,91
Raichur,9,4,2,31.6,66
Raichur,10,4,2,36.39,94
Raichur,11,4,2,26.36,89
Raichur,12,4,2,27.99,52
Raichur,13,4,2,29.02,76
Raichur,14,4,2,32.25,49
Raichur,15,4,2,38.14,70
Raichur,16,4,2,33.82,76
Raichur,17,4,2,35.41,103
Raichur,18,4,2,29.79,88
Raichur,19,4,2,28.93,71
Raichur,20,4,2,37.08,80
Raichur,21,4,2,33.0,43
Raichur,22,4,2,30.39,55
Raichur,23,4,2,37.82,82
Raichur,0,5,2,31.46,11
Raichur,1,5,2,24.3,21
Raichur,2,5,2,24.19,21
Raichur,3,5,2,34.63,13
Raichur,4,5,2,35.95,13
Raichur,5,5,2,28.45,19
Raichur,6,5,2,33.11,45
Raichur,7,5,2,29.1,59
Raichur,8,5,2,31.68,52
Raichur,9,5,2,24.6,90
Raichur,10,5,2,33.04,77
Raichur,11,5,2,25.7,40
Raichur,12,5,2,33.87,54
Raichur,13,5,2,39.62,67
Raichur,14,5,2,39.72,67
Raichur,15,5,2,30.64,63
Raichur,16,5,2,27.78,75
Raichur,17,5,2,35.97,53
Raichur,18,5,2,33.13,72
Raichur,19,5,2,38.16,55
Raichur,20,5,2,40.32,78
Raichur,21,5,2,42.48,48
Raichur,22,5,2,33.73,55
Raichur,23,5,2,38.98,37
Raichur,0,6,2,33.67,10
Raichur,1,6,2,29.8,10
Raichur,2,6,2,22.77,18
Raichur,3,6,2,32.18,10
Raichur,4,6,2,31.08,22
Raichur,5,6,2,22.34,21
Raichur,6,6,2,28.23,36
Raichur,7,6,2,30.6,81
Raichur,8,6,2,37.76,81
Raichur,9,6,2,28.68,57
Raichur,10,6,2,31.92,55
Raichur,11,6,2,32.11,45
Raichur,12,6,2,34.36,44
Raichur,13,6,2,28.83,53
Raichur,14,6,2,31.58,73
Raichur,15,6,2,37.55,63
Raichur,16,6,2,31.6,42
Raichur,17,6,2,40.38,51
Raichur,18,6,2,37.0,60
Raichur,19,6,2,42.34,74
Raichur,20,6,2,36.61,82
Raichur,21,6,2,35.7,54
Raichur,22,6,2,36.35,54
Raichur,23,6,2,42.98,70
Raichur,0,0,3,20.57,12
Raichur,1,0,3,32.55,15
Raichur,2,0,3,33.51,10
Raichur,3,0,3,35.81,21
Raichur,4,0,3,23.7,30
Raichur,5,0,3,24.39,10
Raichur,6,0,3,25.31,69
Raichur,7,0,3,25.19,80
Raichur,8,0,3,29.79,92
Raichur,9,0,3,31.77,98
Raichur,10,0,3,36.32,107
Raichur,11,0,3,37.5,77
Raichur,12,0,3,25.06,81
Raichur,13,0,3,29.15,88
Raichur,14,0,3,26.35,95
Raichur,15,0,3,36.01,64
Raichur,16,0,3,36.09,52
Raichur,17,0,3,30.64,92
Raichur,18,0,3,32.44,106
Raichur,19,0,3,34.78,65
Raichur,20,0,3,36.07,117
Raichur,21,0,3,41.4,52
Raichur,22,0,3,32.93,58
Raichur,23,0,3,40.6,51
Raichur,0,1,3,32.92,10
Raichur,1,1,3,22.89,10
Raichur,2,1,3,22.7,24
Raichur,3,1,3,21.32,23
Raichur,4,1,3,33.96,31
Raichur,5,1,3,26.79,16
Raichur,6,1,3,32.94,54
Raichur,7,1,3,34.41,88
Raichur,8,1,3,34.65,93
Raichur,9,1,3,23.77,77
Raichur,10,1,3,25.22,79
Raichur,11,1,3,32.96,59
Raichur,12,1,3,35.38,74
Raichur,13,1,3,31.23,59
Raichur,14,1,3,40.6,80
Raichur,15,1,3,33.34,76
Raichur,16,1,3,40.78,74
Raichur,17,1,3,27.13,77
Raichur,18,1,3,33.94,80
Raichur,19,1,3,31.76,83
Raichur,20,1,3,33.56,97
Raichur,21,1,3,30.31,48
Raichur,22,1,3,37.4,80
Raichur,23,1,3,33.08,64
Raichur,0,2,3,26.69,28
Raichur,1,2,3,28.75,27
Raichur,2,2,3,29.76,24
Raichur,3,2,3,26.51,28
Raichur,4,2,3,30.7,10
Raichur,5,2,3,25.76,22
Raichur,6,2,3,28.56,55
Raichur,7,2,3,33.25,100
Raichur,8,2,3,24.15,74
Raichur,9,2,3,36.07,100
Raichur,10,2,3,30.36,70
Raichur,11,2,3,35.3,98
Raichur,12,2,3,39.78,67
Raichur,13,2,3,31.02,72
Raichur,14,2,3,37.19,73
Raichur,15,2,3,33.31,61
Raichur,16,2,3,32.36,70
Raichur,17,2,3,39.15,81
Raichur,18,2,3,31.69,112
Raichur,19,2,3,33.78,101
Raichur,20,2,3,35.59,72
Raichur,21,2,3,36.16,87
Raichur,22,2,3,33.0,92
Raichur,23,2,3,38.39,51
Raichur,0,3,3,27.2,32
Raichur,1,3,3,29.49,29
Raichur,2,3,3,23.0,32
Raichur,3,3,3,26.95,17
Raichur,4,3,3,33.82,18
Raichur,5,3,3,28.97,23
Raichur,6,3,3,25.8,57
Raichur,7,3,3,30.69,65
Raichur,8,3,3,35.83,103
Raichur,9,3,3,28.5,96
Raichur,10,3,3,26.46,82
Raichur,11,3,3,34.85,97
Raichur,12,3,3,38.99,69
Raichur,13,3,3,29.54,70
Raichur,14,3,3,27.72,86
Raichur,15,3,3,27.18,75
Raichur,16,3,3,30.23,79
Raichur,17,3,3,31.72,98
Raichur,18,3,3,31.9,83
Raichur,19,3,3,32.07,102
Raichur,20,3,3,34.96,96
Raichur,21,3,3,38.35,64
Raichur,22,3,3,35.47,64
Raichur,23,3,3,29.9,74
Raichur,0,4,3,29.45,26
Raichur,1,4,3,22.59,14
Raichur,2,4,3,30.83,23
Raichur,3,4,3,34.99,18
Raichur,4,4,3,25.93,28
Raichur,5,4,3,24.2,14
Raichur,6,4,3,28.41,63
Raichur,7,4,3,36.38,112
Raichur,8,4,3,33.49,79
Raichur,9,4,3,33.69,109
Raichur,10,4,3,24.28,90
Raichur,11,4,3,27.7,91
Raichur,12,4,3,25.97,55
Raichur,13,4,3,29.99,58
Raichur,14,4,3,35.37,50
Raichur,15,4,3,33.37,87
Raichur,16,4,3,38.45,95
Raichur,17,4,3,35.79,109
Raichur,18,4,3,34.15,72
Raichur,19,4,3,41.09,101
Raichur,20,4,3,41.61,113
Raichur,21,4,3,31.09,53
Raichur,22,4,3,37.47,55
Raichur,23,4,3,34.46,48
Raichur,0,5,3,20.42,16
Raichur,1,5,3,34.2,12
Raichur,2,5,3,31.51,24
Raichur,3,5,3,28.34,19
Raichur,4,5,3,27.01,23
Raichur,5,5,3,25.32,24
Raichur,6,5,3,37.31,64
Raichur,7,5,3,36.75,61
Raichur,8,5,3,33.33,87
Raichur,9,5,3,35.21,91
Raichur,10,5,3,36.51,95
Raichur,11,5,3,32.43,69
Raichur,12,5,3,33.93,49
Raichur,13,5,3,25.83,45
Raichur,14,5,3,31.42,48
Raichur,15,5,3,34.77,78
Raichur,16,5,3,33.99,74
Raichur,17,5,3,31.07,71
Raichur,18,5,3,28.19,77
Raichur,19,5,3,32.85,73
Raichur,20,5,3,38.68,83
Raichur,21,5,3,38.35,43
Raichur,22,5,3,31.14,81
Raichur,23,5,3,39.6,73
Raichur,0,6,3,21.7,13
Raichur,1,6,3,34.62,24
Raichur,2,6,3,32.23,15
Raichur,3,6,3,25.1,24
Raichur,4,6,3,31.55,21
Raichur,5,6,3,32.07,16
Raichur,6,6,3,29.89,74
Raichur,7,6,3,29.32,93
Raichur,8,6,3,23.96,61
Raichur,9,6,3,27.12,95
Raichur,10,6,3,25.24,58
Raichur,11,6,3,25.74,55
Raichur,12,6,3,34.85,48
Raichur,13,6,3,31.46,42
Raichur,14,6,3,37.77,58
Raichur,15,6,3,36.12,79
Raichur,16,6,3,32.09,57
Raichur,17,6,3,30.57,87
Raichur,18,6,3,35.09,98
Raichur,19,6,3,36.99,68
Raichur,20,6,3,39.73,82
Raichur,21,6,3,40.33,60
Raichur,22,6,3,41.79,73
Raichur,23,6,3,44.37,55
Raichur,0,0,4,24.25,32
Raichur,1,0,4,32.36,12
Raichur,2,0,4,29.44,23
Raichur,3,0,4,34.42,17
Raichur,4,0,4,35.93,25
Raichur,5,0,4,28.64,11
Raichur,6,0,4,37.2,97
Raichur,7,0,4,36.87,116
Raichur,8,0,4,31.92,114
Raichur,9,0,4,25.52,113
Raichur,10,0,4,33.13,83
Raichur,11,0,4,31.34,85
Raichur,12,0,4,32.4,100
Raichur,13,0,4,26.99,97
Raichur,14,0,4,32.06,63
Raichur,15,0,4,28.42,93
Raichur,16,0,4,38.83,56
Raichur,17,0,4,31.27,104
Raichur,18,0,4,42.35,100
Raichur,19,0,4,38.06,74
Raichur,20,0,4,43.0,102
Raichur,21,0,4,32.81,78
Raichur,22,0,4,39.76,72
Raichur,23,0,4,35.91,94
Raichur,0,1,4,21.13,26
Raichur,1,1,4,24.64,36
Raichur,2,1,4,25.49,23
Raichur,3,1,4,26.23,18
Raichur,4,1,4,22.63,20
Raichur,5,1,4,28.12,34
Raichur,6,1,4,30.17,59
Raichur,7,1,4,29.41,116
Raichur,8,1,4,31.93,107
Raichur,9,1,4,32.41,86
Raichur,10,1,4,28.94,71
Raichur,11,1,4,31.01,90
Raichur,12,1,4,38.43,60
Raichur,13,1,4,35.74,81
Raichur,14,1,4,32.36,65
Raichur,15,1,4,28.88,94
Raichur,16,1,4,32.34,98
Raichur,17,1,4,42.01,85
Raichur,18,1,4,36.28,116
Raichur,19,1,4,38.69,127
Raichur,20,1,4,38.36,75
Raichur,21,1,4,32.61,54
Raichur,22,1,4,32.68,60
Raichur,23,1,4,32.63,75
Raichur,0,2,4,23.92,23
Raichur,1,2,4,28.2,28
Raichur,2,2,4,24.33,13
Raichur,3,2,4,35.99,10
Raichur,4,2,4,35.28,13
Raichur,5,2,4,28.18,31
Raichur,6,2,4,34.64,85
Raichur,7,2,4,25.79,96
Raichur,8,2,4,29.86,75
Raichur,9,2,4,34.42,124
Raichur,10,2,4,36.84,96
Raichur,11,2,4,29.88,51
Raichur,12,2,4,30.26,72
Raichur,13,2,4,35.5,81
Raichur,14,2,4,28.83,77
Raichur,15,2,4,32.08,56
Raichur,16,2,4,31.3,100
Raichur,17,2,4,38.07,77
Raichur,18,2,4,37.3,128
Raichur,19,2,4,42.84,117
Raichur,20,2,4,37.88,84
Raichur,21,2,4,37.28,67
Raichur,22,2,4,33.91,57
Raichur,23,2,4,30.63,79
Raichur,0,3,4,30.4,18
Raichur,1,3,4,25.07,28
Raichur,2,3,4,23.68,10
Raichur,3,3,4,24.97,28
Raichur,4,3,4,23.08,27
Raichur,5,3,4,29.37,25
Raichur,6,3,4,31.06,72
Raichur,7,3,4,25.37,94
Raichur,8,3,4,26.44,119
Raichur,9,3,4,24.25,76
Raichur,10,3,4,31.71,125
Raichur,11,3,4,34.69,52
Raichur,12,3,4,25.54,56
Raichur,13,3,4,32.42,101
Raichur,14,3,4,34.56,104
Raichur,15,3,4,29.06,83
Raichur,16,3,4,29.85,73
Raichur,17,3,4,33.92,81
Raichur,18,3,4,28.15,74
Raichur,19,3,4,39.92,102
Raichur,20,3,4,39.27,101
Raichur,21,3,4,33.47,57
Raichur,22,3,4,33.31,108
Raichur,23,3,4,38.78,67
Raichur,0,4,4,31.66,11
Raichur,1,4,4,25.07,36
Raichur,2,4,4,24.56,33
Raichur,3,4,4,25.09,13
Raichur,4,4,4,21.73,34
Raichur,5,4,4,24.77,21
Raichur,6,4,4,36.22,100
Raichur,7,4,4,25.77,75
Raichur,8,4,4,32.6,107
Raichur,9,4,4,32.42,98
Raichur,10,4,4,32.28,121
Raichur,11,4,4,29.58,66
Raichur,12,4,4,37.26,56
Raichur,13,4,4,39.82,55
Raichur,14,4,4,38.78,62
Raichur,15,4,4,29.07,97
Raichur,16,4,4,28.12,86
Raichur,17,4,4,31.78,71
Raichur,18,4,4,32.07,97
Raichur,19,4,4,39.06,96
Raichur,20,4,4,39.73,115
Raichur,21,4,4,32.4,98
Raichur,22,4,4,39.61,88
Raichur,23,4,4,33.59,98
Raichur,0,5,4,22.15,24
Raichur,1,5,4,29.6,16
Raichur,2,5,4,34.51,19
Raichur,3,5,4,22.81,10
Raichur,4,5,4,35.63,10
Raichur,5,5,4,30.03,11
Raichur,6,5,4,24.72,85
Raichur,7,5,4,33.75,95
Raichur,8,5,4,35.62,88
Raichur,9,5,4,27.65,91
Raichur,10,5,4,28.64,93
Raichur,11,5,4,24.96,46
Raichur,12,5,4,25.28,90
Raichur,13,5,4,26.2,77
Raichur,14,5,4,36.91,91
Raichur,15,5,4,38.68,58
Raichur,16,5,4,37.91,52
Raichur,17,5,4,39.19,94
Raichur,18,5,4,32.91,97
Raichur,19,5,4,35.31,85
Raichur,20,5,4,36.13,70
Raichur,21,5,4,36.91,81
Raichur,22,5,4,44.09,71
Raichur,23,5,4,31.02,91
Raichur,0,6,4,31.67,28
Raichur,1,6,4,31.08,19
Raichur,2,6,4,22.72,26
Raichur,3,6,4,33.95,24
Raichur,4,6,4,28.89,23
Raichur,5,6,4,30.03,19
Raichur,6,6,4,37.1,85
Raichur,7,6,4,30.34,76
Raichur,8,6,4,34.57,70
Raichur,9,6,4,38.23,80
Raichur,10,6,4,25.97,66
Raichur,11,6,4,25.58,43
Raichur,12,6,4,29.14,56
Raichur,13,6,4,28.95,65
Raichur,14,6,4,33.95,86
Raichur,15,6,4,34.57,67
Raichur,16,6,4,30.07,81
Raichur,17,6,4,28.6,91
Raichur,18,6,4,39.62,70
Raichur,19,6,4,36.82,103
Raichur,20,6,4,40.79,102
Raichur,21,6,4,41.97,90
Raichur,22,6,4,42.93,83
Raichur,23,6,4,31.0,69
